obs_id,species_key,scientific_name,common_name,photo_id,url,license,date_observed,latitude,longitude,quality_grade,num_agreements,source,local_path,status
352463839,falco_peregrinus,Falco peregrinus,Peregrine Falcon,643313232,https://inaturalist-open-data.s3.amazonaws.com/photos/643313232/medium.jpg,cc-by-nc,2026-04-24,-34.8791595132,138.4538048045,research,3,iNaturalist,C:\Projects\raptor_australia\dataset\raw\falco_peregrinus\falco_peregrinus_352463839_643313232.jpg,already_exists
352397614,falco_peregrinus,Falco peregrinus,Peregrine Falcon,643188777,https://inaturalist-open-data.s3.amazonaws.com/photos/643188777/medium.jpg,cc-by-nc,2025-12-16,-36.8946608905,149.9075395228,research,3,iNaturalist,C:\Projects\raptor_australia\dataset\raw\falco_peregrinus\falco_peregrinus_352397614_643188777.jpg,already_exists
352215678,falco_peregrinus,Falco peregrinus,Peregrine Falcon,642848872,https://static.inaturalist.org/photos/642848872/medium.jpg,,2026-04-15,-38.4338874102,141.5432023569,research,3,iNaturalist,C:\Projects\raptor_australia\dataset\raw\falco_peregrinus\falco_peregrinus_352215678_642848872.jpg,already_exists
351940236,falco_peregrinus,Falco peregrinus,Peregrine Falcon,642314740,https://inaturalist-open-data.s3.amazonaws.com/photos/642314740/medium.jpg,cc-by-nc-nd,2025-05-06,-38.2905168996,144.5007079289,research,4,iNaturalist,C:\Projects\raptor_australia\dataset\raw\falco_peregrinus\falco_peregrinus_351940236_642314740.jpg,already_exists
351844098,falco_peregrinus,Falco peregrinus,Peregrine Falcon,642123136,https://inaturalist-open-data.s3.amazonaws.com/photos/642123136/medium.jpg,cc-by-nc,2026-04-21,-33.3959258231,115.8579317181,research,3,iNaturalist,C:\Projects\raptor_australia\dataset\raw\falco_peregrinus\falco_peregrinus_351844098_642123136.jpg,already_exists
351834487,falco_peregrinus,Falco peregrinus,Peregrine Falcon,642104379,https://inaturalist-open-data.s3.amazonaws.com/photos/642104379/medium.jpg,cc-by-nc,2026-04-22,-37.021373357,145.1578886676,research,3,iNaturalist,C:\Projects\raptor_australia\dataset\raw\falco_peregrinus\falco_peregrinus_351834487_642104379.jpg,already_exists
351277163,falco_peregrinus,Falco peregrinus,Peregrine Falcon,640999930,https://inaturalist-open-data.s3.amazonaws.com/photos/640999930/medium.jpg,cc-by-nc,2025-11-24,-27.2795760879,152.8513133374,research,3,iNaturalist,C:\Projects\raptor_australia\dataset\raw\falco_peregrinus\falco_peregrinus_351277163_640999930.jpg,already_exists
351101753,falco_peregrinus,Falco peregrinus,Peregrine Falcon,640671709,https://inaturalist-open-data.s3.amazonaws.com/photos/640671709/medium.jpg,cc-by-nc,2011-12-14,-38.4907746499,144.8915932685,research,2,iNaturalist,C:\Projects\raptor_australia\dataset\raw\falco_peregrinus\falco_peregrinus_351101753_640671709.jpg,already_exists
350756692,falco_peregrinus,Falco peregrinus,Peregrine Falcon,640025207,https://static.inaturalist.org/photos/640025207/medium.jpg,,2026-04-06,-28.0169883333,153.335615,research,3,iNaturalist,C:\Projects\raptor_australia\dataset\raw\falco_peregrinus\falco_peregrinus_350756692_640025207.jpg,already_exists
350691792,falco_peregrinus,Falco peregrinus,Peregrine Falcon,639894685,https://inaturalist-open-data.s3.amazonaws.com/photos/639894685/medium.jpg,cc-by-nc,2015-01-04,-24.0277095651,133.980348761,research,2,iNaturalist,C:\Projects\raptor_australia\dataset\raw\falco_peregrinus\falco_peregrinus_350691792_639894685.jpg,already_exists
350395734,falco_peregrinus,Falco peregrinus,Peregrine Falcon,639316159,https://inaturalist-open-data.s3.amazonaws.com/photos/639316159/medium.jpg,cc-by-nc,2026-04-17,-26.6761257663,153.1155189872,research,3,iNaturalist,C:\Projects\raptor_australia\dataset\raw\falco_peregrinus\falco_peregrinus_350395734_639316159.jpg,already_exists
350378858,falco_peregrinus,Falco peregrinus,Peregrine Falcon,639281009,https://inaturalist-open-data.s3.amazonaws.com/photos/639281009/medium.jpg,cc-by-nc,2026-04-17,-37.84024,144.9272063997,research,3,iNaturalist,C:\Projects\raptor_australia\dataset\raw\falco_peregrinus\falco_peregrinus_350378858_639281009.jpg,already_exists
350005752,falco_peregrinus,Falco peregrinus,Peregrine Falcon,638553665,https://static.inaturalist.org/photos/638553665/medium.jpg,,2026-04-15,-32.93430498,151.6892257935,research,3,iNaturalist,C:\Projects\raptor_australia\dataset\raw\falco_peregrinus\falco_peregrinus_350005752_638553665.jpg,already_exists
349977260,falco_peregrinus,Falco peregrinus,Peregrine Falcon,638498228,https://static.inaturalist.org/photos/638498228/medium.jpg,,2026-04-15,-42.7062413,147.2614762,research,3,iNaturalist,C:\Projects\raptor_australia\dataset\raw\falco_peregrinus\falco_peregrinus_349977260_638498228.jpg,already_exists
349960631,falco_peregrinus,Falco peregrinus,Peregrine Falcon,638466782,https://inaturalist-open-data.s3.amazonaws.com/photos/638466782/medium.jpg,cc-by-nc,2026-04-15,-38.2629,144.5967144997,research,3,iNaturalist,C:\Projects\raptor_australia\dataset\raw\falco_peregrinus\falco_peregrinus_349960631_638466782.jpg,already_exists
349941120,falco_peregrinus,Falco peregrinus,Peregrine Falcon,638427658,https://inaturalist-open-data.s3.amazonaws.com/photos/638427658/medium.jpg,cc-by-nc,2026-04-15,-27.84682,153.3152166667,research,3,iNaturalist,C:\Projects\raptor_australia\dataset\raw\falco_peregrinus\falco_peregrinus_349941120_638427658.jpg,already_exists
349451065,falco_peregrinus,Falco peregrinus,Peregrine Falcon,637472123,https://inaturalist-open-data.s3.amazonaws.com/photos/637472123/medium.jpg,cc-by-nc,2026-04-10,-34.3672416667,150.8759466667,research,3,iNaturalist,C:\Projects\raptor_australia\dataset\raw\falco_peregrinus\falco_peregrinus_349451065_637472123.jpg,already_exists
348954403,falco_peregrinus,Falco peregrinus,Peregrine Falcon,636496815,https://inaturalist-open-data.s3.amazonaws.com/photos/636496815/medium.jpg,cc-by-nc,2026-04-11,-32.3552103912,115.7507274783,research,2,iNaturalist,C:\Projects\raptor_australia\dataset\raw\falco_peregrinus\falco_peregrinus_348954403_636496815.jpg,already_exists
348675631,falco_peregrinus,Falco peregrinus,Peregrine Falcon,635947891,https://static.inaturalist.org/photos/635947891/medium.jpg,,2023-12-26,-14.7011958384,131.9161439314,research,0,iNaturalist,C:\Projects\raptor_australia\dataset\raw\falco_peregrinus\falco_peregrinus_348675631_635947891.jpg,already_exists
348629310,falco_peregrinus,Falco peregrinus,Peregrine Falcon,635851472,https://inaturalist-open-data.s3.amazonaws.com/photos/635851472/medium.jpg,cc-by-nc,2026-04-10,-36.1238519153,140.2185959977,research,2,iNaturalist,C:\Projects\raptor_australia\dataset\raw\falco_peregrinus\falco_peregrinus_348629310_635851472.jpg,already_exists
348571679,falco_peregrinus,Falco peregrinus,Peregrine Falcon,635734502,https://inaturalist-open-data.s3.amazonaws.com/photos/635734502/medium.jpg,cc-by-nc,2026-04-08,-35.1259438291,150.7631976273,research,3,iNaturalist,C:\Projects\raptor_australia\dataset\raw\falco_peregrinus\falco_peregrinus_348571679_635734502.jpg,already_exists
347783186,falco_peregrinus,Falco peregrinus,Peregrine Falcon,634178273,https://inaturalist-open-data.s3.amazonaws.com/photos/634178273/medium.jpg,cc-by-nc,2026-04-04,-29.9330286048,117.9819269775,research,2,iNaturalist,C:\Projects\raptor_australia\dataset\raw\falco_peregrinus\falco_peregrinus_347783186_634178273.jpg,already_exists
347777451,falco_peregrinus,Falco peregrinus,Peregrine Falcon,634166868,https://inaturalist-open-data.s3.amazonaws.com/photos/634166868/medium.jpg,cc-by,2026-02-12,-33.770755365,151.1145664751,research,3,iNaturalist,C:\Projects\raptor_australia\dataset\raw\falco_peregrinus\falco_peregrinus_347777451_634166868.jpg,already_exists
347772571,falco_peregrinus,Falco peregrinus,Peregrine Falcon,634156663,https://inaturalist-open-data.s3.amazonaws.com/photos/634156663/medium.jpg,cc-by-nc,2026-04-03,-30.5572283737,117.7948852225,research,2,iNaturalist,C:\Projects\raptor_australia\dataset\raw\falco_peregrinus\falco_peregrinus_347772571_634156663.jpg,already_exists
347758569,falco_peregrinus,Falco peregrinus,Peregrine Falcon,634129843,https://static.inaturalist.org/photos/634129843/medium.jpg,,2026-04-06,-23.3748053684,150.5118948125,research,4,iNaturalist,C:\Projects\raptor_australia\dataset\raw\falco_peregrinus\falco_peregrinus_347758569_634129843.jpg,already_exists
347434213,falco_peregrinus,Falco peregrinus,Peregrine Falcon,633482223,https://inaturalist-open-data.s3.amazonaws.com/photos/633482223/medium.jpg,cc-by-nc,2026-04-04,-26.8022828284,153.1455010768,research,4,iNaturalist,C:\Projects\raptor_australia\dataset\raw\falco_peregrinus\falco_peregrinus_347434213_633482223.jpg,already_exists
347213127,falco_peregrinus,Falco peregrinus,Peregrine Falcon,633041117,https://inaturalist-open-data.s3.amazonaws.com/photos/633041117/medium.jpg,cc0,2026-04-04,-38.2204018914,145.5382210994,research,3,iNaturalist,C:\Projects\raptor_australia\dataset\raw\falco_peregrinus\falco_peregrinus_347213127_633041117.jpg,already_exists
346953267,falco_peregrinus,Falco peregrinus,Peregrine Falcon,632526868,https://inaturalist-open-data.s3.amazonaws.com/photos/632526868/medium.jpg,cc-by-nc,2017-03-10,-37.3898754105,144.97960393,research,3,iNaturalist,C:\Projects\raptor_australia\dataset\raw\falco_peregrinus\falco_peregrinus_346953267_632526868.jpg,already_exists
346550727,falco_peregrinus,Falco peregrinus,Peregrine Falcon,631731469,https://inaturalist-open-data.s3.amazonaws.com/photos/631731469/medium.jpg,cc-by-nc,2026-04-01,-33.865275,151.2108466667,research,4,iNaturalist,C:\Projects\raptor_australia\dataset\raw\falco_peregrinus\falco_peregrinus_346550727_631731469.jpg,already_exists
346322412,falco_peregrinus,Falco peregrinus,Peregrine Falcon,631280073,https://inaturalist-open-data.s3.amazonaws.com/photos/631280073/medium.jpg,cc-by-nc,2026-03-29,-35.7311695777,150.2067273483,research,3,iNaturalist,C:\Projects\raptor_australia\dataset\raw\falco_peregrinus\falco_peregrinus_346322412_631280073.jpg,already_exists
346300991,falco_peregrinus,Falco peregrinus,Peregrine Falcon,631199666,https://inaturalist-open-data.s3.amazonaws.com/photos/631199666/medium.jpg,cc-by-nc,2026-03-01,-37.8006022757,148.7416157895,research,2,iNaturalist,C:\Projects\raptor_australia\dataset\raw\falco_peregrinus\falco_peregrinus_346300991_631199666.jpg,already_exists
346104023,falco_peregrinus,Falco peregrinus,Peregrine Falcon,630843476,https://inaturalist-open-data.s3.amazonaws.com/photos/630843476/medium.jpg,cc-by-nc,2026-03-30,-34.891278671,138.4953859511,research,1,iNaturalist,C:\Projects\raptor_australia\dataset\raw\falco_peregrinus\falco_peregrinus_346104023_630843476.jpg,already_exists
345858790,falco_peregrinus,Falco peregrinus,Peregrine Falcon,630365128,https://inaturalist-open-data.s3.amazonaws.com/photos/630365128/medium.jpg,cc-by-nc,2026-03-29,-35.2281608855,149.4590698252,research,4,iNaturalist,C:\Projects\raptor_australia\dataset\raw\falco_peregrinus\falco_peregrinus_345858790_630365128.jpg,already_exists
345717743,falco_peregrinus,Falco peregrinus,Peregrine Falcon,630063032,https://inaturalist-open-data.s3.amazonaws.com/photos/630063032/medium.jpg,cc-by-nc,2026-02-15,-25.2440991667,130.9752086117,research,1,iNaturalist,C:\Projects\raptor_australia\dataset\raw\falco_peregrinus\falco_peregrinus_345717743_630063032.jpg,already_exists
345620396,falco_peregrinus,Falco peregrinus,Peregrine Falcon,629898493,https://inaturalist-open-data.s3.amazonaws.com/photos/629898493/medium.jpg,cc-by-nc,2026-03-28,-34.868513478,138.7669568818,research,2,iNaturalist,C:\Projects\raptor_australia\dataset\raw\falco_peregrinus\falco_peregrinus_345620396_629898493.jpg,already_exists
345429810,falco_peregrinus,Falco peregrinus,Peregrine Falcon,629522703,https://inaturalist-open-data.s3.amazonaws.com/photos/629522703/medium.jpg,cc-by-nc,2026-03-27,-37.767131,144.9248074,research,4,iNaturalist,C:\Projects\raptor_australia\dataset\raw\falco_peregrinus\falco_peregrinus_345429810_629522703.jpg,already_exists
345241929,falco_peregrinus,Falco peregrinus,Peregrine Falcon,629150973,https://static.inaturalist.org/photos/629150973/medium.jpg,,2026-01-27,-37.583862113,144.9174942093,research,7,iNaturalist,C:\Projects\raptor_australia\dataset\raw\falco_peregrinus\falco_peregrinus_345241929_629150973.jpg,already_exists
345031270,falco_peregrinus,Falco peregrinus,Peregrine Falcon,628731705,https://inaturalist-open-data.s3.amazonaws.com/photos/628731705/medium.jpg,cc-by-nc,2025-09-13,-37.1188263836,139.9036177512,research,2,iNaturalist,C:\Projects\raptor_australia\dataset\raw\falco_peregrinus\falco_peregrinus_345031270_628731705.jpg,already_exists
344795187,falco_peregrinus,Falco peregrinus,Peregrine Falcon,628271700,https://inaturalist-open-data.s3.amazonaws.com/photos/628271700/medium.jpg,cc-by-nc,2026-03-23,-38.2708070707,144.368595786,research,4,iNaturalist,C:\Projects\raptor_australia\dataset\raw\falco_peregrinus\falco_peregrinus_344795187_628271700.jpg,already_exists
343896829,falco_peregrinus,Falco peregrinus,Peregrine Falcon,626526333,https://inaturalist-open-data.s3.amazonaws.com/photos/626526333/medium.jpg,cc-by-nc,2026-03-20,-34.2215395216,140.6686555701,research,4,iNaturalist,C:\Projects\raptor_australia\dataset\raw\falco_peregrinus\falco_peregrinus_343896829_626526333.jpg,already_exists
343702055,falco_peregrinus,Falco peregrinus,Peregrine Falcon,626142158,https://static.inaturalist.org/photos/626142158/medium.jpg,,2026-03-19,-35.1098818432,138.6531801342,research,6,iNaturalist,C:\Projects\raptor_australia\dataset\raw\falco_peregrinus\falco_peregrinus_343702055_626142158.jpg,already_exists
343597156,falco_peregrinus,Falco peregrinus,Peregrine Falcon,625932143,https://inaturalist-open-data.s3.amazonaws.com/photos/625932143/medium.jpg,cc-by-nc,2026-03-12,-33.8027112515,151.0989948749,research,2,iNaturalist,C:\Projects\raptor_australia\dataset\raw\falco_peregrinus\falco_peregrinus_343597156_625932143.jpg,already_exists
343596117,falco_peregrinus,Falco peregrinus,Peregrine Falcon,625929775,https://inaturalist-open-data.s3.amazonaws.com/photos/625929775/medium.jpg,cc-by-nc,2026-03-18,-37.9148756,145.3738355,research,4,iNaturalist,C:\Projects\raptor_australia\dataset\raw\falco_peregrinus\falco_peregrinus_343596117_625929775.jpg,already_exists
343559489,falco_peregrinus,Falco peregrinus,Peregrine Falcon,625852879,https://inaturalist-open-data.s3.amazonaws.com/photos/625852879/medium.jpg,cc-by-nc,2026-03-17,-38.4046649179,144.202365826,research,2,iNaturalist,C:\Projects\raptor_australia\dataset\raw\falco_peregrinus\falco_peregrinus_343559489_625852879.jpg,already_exists
343457097,falco_peregrinus,Falco peregrinus,Peregrine Falcon,625645405,https://inaturalist-open-data.s3.amazonaws.com/photos/625645405/medium.jpg,cc-by-nc,2022-06-15,-27.9578123117,153.1372038516,research,4,iNaturalist,C:\Projects\raptor_australia\dataset\raw\falco_peregrinus\falco_peregrinus_343457097_625645405.jpg,already_exists
343441748,falco_peregrinus,Falco peregrinus,Peregrine Falcon,625615914,https://inaturalist-open-data.s3.amazonaws.com/photos/625615914/medium.jpg,cc-by-nc,2026-03-17,-38.1451524322,144.3577820063,research,3,iNaturalist,C:\Projects\raptor_australia\dataset\raw\falco_peregrinus\falco_peregrinus_343441748_625615914.jpg,already_exists
343291070,falco_peregrinus,Falco peregrinus,Peregrine Falcon,625307352,https://static.inaturalist.org/photos/625307352/medium.jpg,,2026-03-16,-32.2538762872,115.6654568008,research,3,iNaturalist,C:\Projects\raptor_australia\dataset\raw\falco_peregrinus\falco_peregrinus_343291070_625307352.jpg,already_exists
343236339,falco_peregrinus,Falco peregrinus,Peregrine Falcon,635411266,https://static.inaturalist.org/photos/635411266/medium.jpg,,2026-02-18,-33.707675,150.2748361111,research,1,iNaturalist,C:\Projects\raptor_australia\dataset\raw\falco_peregrinus\falco_peregrinus_343236339_635411266.jpg,already_exists
343113766,falco_peregrinus,Falco peregrinus,Peregrine Falcon,625668918,https://inaturalist-open-data.s3.amazonaws.com/photos/625668918/medium.jpg,cc-by-nc,2026-03-16,-38.3089828491,144.676940918,research,3,iNaturalist,C:\Projects\raptor_australia\dataset\raw\falco_peregrinus\falco_peregrinus_343113766_625668918.jpg,already_exists
342637229,falco_peregrinus,Falco peregrinus,Peregrine Falcon,624000224,https://inaturalist-open-data.s3.amazonaws.com/photos/624000224/medium.jpg,cc-by-nc,2026-03-13,-34.54103,150.864975,research,4,iNaturalist,C:\Projects\raptor_australia\dataset\raw\falco_peregrinus\falco_peregrinus_342637229_624000224.jpg,already_exists
342392249,falco_peregrinus,Falco peregrinus,Peregrine Falcon,623507402,https://inaturalist-open-data.s3.amazonaws.com/photos/623507402/medium.jpg,cc-by-nc,2026-03-11,-36.0341365741,144.4422212995,research,6,iNaturalist,C:\Projects\raptor_australia\dataset\raw\falco_peregrinus\falco_peregrinus_342392249_623507402.jpg,already_exists
342392238,falco_peregrinus,Falco peregrinus,Peregrine Falcon,623501819,https://inaturalist-open-data.s3.amazonaws.com/photos/623501819/medium.jpg,cc-by-nc,2026-03-11,-36.3115328169,144.1193255121,research,7,iNaturalist,C:\Projects\raptor_australia\dataset\raw\falco_peregrinus\falco_peregrinus_342392238_623501819.jpg,already_exists
342386130,falco_peregrinus,Falco peregrinus,Peregrine Falcon,623495172,https://inaturalist-open-data.s3.amazonaws.com/photos/623495172/medium.jpg,cc-by-nc,2026-03-05,-34.8539414225,138.6311321339,research,5,iNaturalist,C:\Projects\raptor_australia\dataset\raw\falco_peregrinus\falco_peregrinus_342386130_623495172.jpg,already_exists
342166609,falco_peregrinus,Falco peregrinus,Peregrine Falcon,623042949,https://inaturalist-open-data.s3.amazonaws.com/photos/623042949/medium.jpg,cc-by-nc,2026-03-10,-37.8606341352,145.1021079018,research,2,iNaturalist,C:\Projects\raptor_australia\dataset\raw\falco_peregrinus\falco_peregrinus_342166609_623042949.jpg,already_exists
342142345,falco_peregrinus,Falco peregrinus,Peregrine Falcon,622996199,https://inaturalist-open-data.s3.amazonaws.com/photos/622996199/medium.jpg,cc-by-nc,2026-03-10,-27.6427739,153.1040152,research,2,iNaturalist,C:\Projects\raptor_australia\dataset\raw\falco_peregrinus\falco_peregrinus_342142345_622996199.jpg,already_exists
342067142,falco_peregrinus,Falco peregrinus,Peregrine Falcon,622847906,https://inaturalist-open-data.s3.amazonaws.com/photos/622847906/medium.jpg,cc-by-nc,2026-03-09,-36.7820364393,144.3681085603,research,4,iNaturalist,C:\Projects\raptor_australia\dataset\raw\falco_peregrinus\falco_peregrinus_342067142_622847906.jpg,already_exists
342063913,falco_peregrinus,Falco peregrinus,Peregrine Falcon,622841390,https://inaturalist-open-data.s3.amazonaws.com/photos/622841390/medium.jpg,cc-by-nc,2026-02-27,-42.0829695,145.55803,research,5,iNaturalist,C:\Projects\raptor_australia\dataset\raw\falco_peregrinus\falco_peregrinus_342063913_622841390.jpg,already_exists
341845219,falco_peregrinus,Falco peregrinus,Peregrine Falcon,622401671,https://inaturalist-open-data.s3.amazonaws.com/photos/622401671/medium.jpg,cc-by-nc-nd,2026-03-06,-42.7812884005,147.5269773206,research,5,iNaturalist,C:\Projects\raptor_australia\dataset\raw\falco_peregrinus\falco_peregrinus_341845219_622401671.jpg,already_exists
341641930,falco_peregrinus,Falco peregrinus,Peregrine Falcon,621990941,https://inaturalist-open-data.s3.amazonaws.com/photos/621990941/medium.jpg,cc-by-nc,2026-02-24,-38.1343899,145.2609742997,research,4,iNaturalist,C:\Projects\raptor_australia\dataset\raw\falco_peregrinus\falco_peregrinus_341641930_621990941.jpg,already_exists
341630248,falco_peregrinus,Falco peregrinus,Peregrine Falcon,621965679,https://static.inaturalist.org/photos/621965679/medium.jpg,,2026-03-07,-33.656260751,150.8835132533,research,5,iNaturalist,C:\Projects\raptor_australia\dataset\raw\falco_peregrinus\falco_peregrinus_341630248_621965679.jpg,already_exists
341593573,falco_peregrinus,Falco peregrinus,Peregrine Falcon,621886488,https://inaturalist-open-data.s3.amazonaws.com/photos/621886488/medium.jpg,cc-by-nc,2026-03-04,-33.9813112193,151.0070875231,research,4,iNaturalist,C:\Projects\raptor_australia\dataset\raw\falco_peregrinus\falco_peregrinus_341593573_621886488.jpg,already_exists
341475468,falco_peregrinus,Falco peregrinus,Peregrine Falcon,621649633,https://inaturalist-open-data.s3.amazonaws.com/photos/621649633/medium.jpg,cc-by-nc,2026-03-06,-27.4995083333,153.0134194444,research,4,iNaturalist,C:\Projects\raptor_australia\dataset\raw\falco_peregrinus\falco_peregrinus_341475468_621649633.jpg,already_exists
341463912,falco_peregrinus,Falco peregrinus,Peregrine Falcon,621624970,https://inaturalist-open-data.s3.amazonaws.com/photos/621624970/medium.jpg,cc-by-nc,2019-10-21,-37.7265350665,143.6212297221,research,8,iNaturalist,C:\Projects\raptor_australia\dataset\raw\falco_peregrinus\falco_peregrinus_341463912_621624970.jpg,already_exists
341341526,falco_peregrinus,Falco peregrinus,Peregrine Falcon,621373389,https://inaturalist-open-data.s3.amazonaws.com/photos/621373389/medium.jpg,cc-by-nc,2023-09-02,-37.7284358766,143.6228175898,research,4,iNaturalist,C:\Projects\raptor_australia\dataset\raw\falco_peregrinus\falco_peregrinus_341341526_621373389.jpg,already_exists
341323306,falco_peregrinus,Falco peregrinus,Peregrine Falcon,621332860,https://inaturalist-open-data.s3.amazonaws.com/photos/621332860/medium.jpg,cc-by-nc,2026-02-24,-33.379763882,151.4863710377,research,3,iNaturalist,C:\Projects\raptor_australia\dataset\raw\falco_peregrinus\falco_peregrinus_341323306_621332860.jpg,already_exists
341218783,falco_peregrinus,Falco peregrinus,Peregrine Falcon,621118425,https://inaturalist-open-data.s3.amazonaws.com/photos/621118425/medium.jpg,cc-by-nc,2026-03-01,-38.2895277778,144.4988222222,research,2,iNaturalist,C:\Projects\raptor_australia\dataset\raw\falco_peregrinus\falco_peregrinus_341218783_621118425.jpg,already_exists
341218358,falco_peregrinus,Falco peregrinus,Peregrine Falcon,621117404,https://inaturalist-open-data.s3.amazonaws.com/photos/621117404/medium.jpg,cc-by-nc,2026-03-04,-27.7635379617,152.6830423036,research,3,iNaturalist,C:\Projects\raptor_australia\dataset\raw\falco_peregrinus\falco_peregrinus_341218358_621117404.jpg,already_exists
341185407,falco_peregrinus,Falco peregrinus,Peregrine Falcon,621049878,https://inaturalist-open-data.s3.amazonaws.com/photos/621049878/medium.jpg,cc-by-nc,2026-03-04,-27.5966342052,153.2506787418,research,3,iNaturalist,C:\Projects\raptor_australia\dataset\raw\falco_peregrinus\falco_peregrinus_341185407_621049878.jpg,already_exists
341093631,falco_peregrinus,Falco peregrinus,Peregrine Falcon,620860213,https://inaturalist-open-data.s3.amazonaws.com/photos/620860213/medium.jpg,cc-by-nc-nd,2026-02-16,-41.4471662167,147.1191170167,research,3,iNaturalist,C:\Projects\raptor_australia\dataset\raw\falco_peregrinus\falco_peregrinus_341093631_620860213.jpg,already_exists
340904923,falco_peregrinus,Falco peregrinus,Peregrine Falcon,620471486,https://static.inaturalist.org/photos/620471486/medium.jpg,,2026-03-02,-33.7464805477,150.8031209503,research,3,iNaturalist,C:\Projects\raptor_australia\dataset\raw\falco_peregrinus\falco_peregrinus_340904923_620471486.jpg,already_exists
340895995,falco_peregrinus,Falco peregrinus,Peregrine Falcon,620452057,https://inaturalist-open-data.s3.amazonaws.com/photos/620452057/medium.jpg,cc-by-nc,2026-03-02,-34.9503985558,138.499726988,research,3,iNaturalist,C:\Projects\raptor_australia\dataset\raw\falco_peregrinus\falco_peregrinus_340895995_620452057.jpg,already_exists
340743688,falco_peregrinus,Falco peregrinus,Peregrine Falcon,620140377,https://inaturalist-open-data.s3.amazonaws.com/photos/620140377/medium.jpg,cc-by-nc,2026-03-01,-36.0472744868,147.2296011635,research,4,iNaturalist,C:\Projects\raptor_australia\dataset\raw\falco_peregrinus\falco_peregrinus_340743688_620140377.jpg,already_exists
340726294,falco_peregrinus,Falco peregrinus,Peregrine Falcon,620109276,https://inaturalist-open-data.s3.amazonaws.com/photos/620109276/medium.jpg,cc-by-nc,2026-03-01,-38.0458898904,144.4948070197,research,3,iNaturalist,C:\Projects\raptor_australia\dataset\raw\falco_peregrinus\falco_peregrinus_340726294_620109276.jpg,already_exists
340544539,falco_peregrinus,Falco peregrinus,Peregrine Falcon,619741844,https://inaturalist-open-data.s3.amazonaws.com/photos/619741844/medium.jpg,cc-by-nc,2017-12-28,-37.7234058405,143.6241253767,research,3,iNaturalist,C:\Projects\raptor_australia\dataset\raw\falco_peregrinus\falco_peregrinus_340544539_619741844.jpg,already_exists
340428595,falco_peregrinus,Falco peregrinus,Peregrine Falcon,619507440,https://inaturalist-open-data.s3.amazonaws.com/photos/619507440/medium.jpg,cc-by-nc,2026-02-27,-21.0999316667,148.519945,research,3,iNaturalist,C:\Projects\raptor_australia\dataset\raw\falco_peregrinus\falco_peregrinus_340428595_619507440.jpg,already_exists
340228214,falco_peregrinus,Falco peregrinus,Peregrine Falcon,619104130,https://inaturalist-open-data.s3.amazonaws.com/photos/619104130/medium.jpg,cc-by-nc,2026-02-14,-34.5407942556,150.9832916206,research,1,iNaturalist,C:\Projects\raptor_australia\dataset\raw\falco_peregrinus\falco_peregrinus_340228214_619104130.jpg,already_exists
340128021,falco_peregrinus,Falco peregrinus,Peregrine Falcon,618899572,https://inaturalist-open-data.s3.amazonaws.com/photos/618899572/medium.jpg,cc-by-nc,2026-02-25,-34.0250173459,151.2125500292,research,2,iNaturalist,C:\Projects\raptor_australia\dataset\raw\falco_peregrinus\falco_peregrinus_340128021_618899572.jpg,already_exists
339800283,falco_peregrinus,Falco peregrinus,Peregrine Falcon,618220495,https://inaturalist-open-data.s3.amazonaws.com/photos/618220495/medium.jpg,cc-by-nc,2026-02-20,-34.5433698802,145.9844463527,research,3,iNaturalist,C:\Projects\raptor_australia\dataset\raw\falco_peregrinus\falco_peregrinus_339800283_618220495.jpg,already_exists
339682907,falco_peregrinus,Falco peregrinus,Peregrine Falcon,617982709,https://inaturalist-open-data.s3.amazonaws.com/photos/617982709/medium.jpg,cc-by-nc,2026-02-21,-38.4691006,144.1046673,research,2,iNaturalist,C:\Projects\raptor_australia\dataset\raw\falco_peregrinus\falco_peregrinus_339682907_617982709.jpg,already_exists
339681366,falco_peregrinus,Falco peregrinus,Peregrine Falcon,617977841,https://inaturalist-open-data.s3.amazonaws.com/photos/617977841/medium.jpg,cc-by-nc,2026-02-22,-34.7724612449,146.7572575184,research,4,iNaturalist,C:\Projects\raptor_australia\dataset\raw\falco_peregrinus\falco_peregrinus_339681366_617977841.jpg,already_exists
339677409,falco_peregrinus,Falco peregrinus,Peregrine Falcon,617971087,https://inaturalist-open-data.s3.amazonaws.com/photos/617971087/medium.jpg,cc-by-nc,2026-02-22,-35.1410522167,138.7558256493,research,4,iNaturalist,C:\Projects\raptor_australia\dataset\raw\falco_peregrinus\falco_peregrinus_339677409_617971087.jpg,already_exists
339547909,falco_peregrinus,Falco peregrinus,Peregrine Falcon,617712473,https://inaturalist-open-data.s3.amazonaws.com/photos/617712473/medium.jpg,cc-by-nc,2026-02-21,-32.0512408956,115.8450341326,research,4,iNaturalist,C:\Projects\raptor_australia\dataset\raw\falco_peregrinus\falco_peregrinus_339547909_617712473.jpg,already_exists
339512331,falco_peregrinus,Falco peregrinus,Peregrine Falcon,617633098,https://inaturalist-open-data.s3.amazonaws.com/photos/617633098/medium.jpg,cc-by-nc,2025-06-09,-26.8085365079,153.1241777864,research,3,iNaturalist,C:\Projects\raptor_australia\dataset\raw\falco_peregrinus\falco_peregrinus_339512331_617633098.jpg,already_exists
339397000,falco_peregrinus,Falco peregrinus,Peregrine Falcon,617405558,https://inaturalist-open-data.s3.amazonaws.com/photos/617405558/medium.jpg,cc-by,2026-02-13,-38.3961468573,144.7957865308,research,4,iNaturalist,C:\Projects\raptor_australia\dataset\raw\falco_peregrinus\falco_peregrinus_339397000_617405558.jpg,already_exists
339111985,falco_peregrinus,Falco peregrinus,Peregrine Falcon,616817743,https://inaturalist-open-data.s3.amazonaws.com/photos/616817743/medium.jpg,cc-by-nc,2026-02-17,-33.1370178938,138.0865864426,research,3,iNaturalist,C:\Projects\raptor_australia\dataset\raw\falco_peregrinus\falco_peregrinus_339111985_616817743.jpg,already_exists
338882784,falco_peregrinus,Falco peregrinus,Peregrine Falcon,616361182,https://inaturalist-open-data.s3.amazonaws.com/photos/616361182/medium.jpg,cc-by-nc,2026-02-10,-31.8778940639,116.5216276177,research,2,iNaturalist,C:\Projects\raptor_australia\dataset\raw\falco_peregrinus\falco_peregrinus_338882784_616361182.jpg,already_exists
338864135,falco_peregrinus,Falco peregrinus,Peregrine Falcon,616328625,https://inaturalist-open-data.s3.amazonaws.com/photos/616328625/medium.jpg,cc-by-nc,2026-02-15,-34.0349451872,151.2243667201,research,4,iNaturalist,C:\Projects\raptor_australia\dataset\raw\falco_peregrinus\falco_peregrinus_338864135_616328625.jpg,already_exists
338838639,falco_peregrinus,Falco peregrinus,Peregrine Falcon,616279499,https://inaturalist-open-data.s3.amazonaws.com/photos/616279499/medium.jpg,cc-by-nc,2026-02-16,-38.2226333333,144.44272,research,3,iNaturalist,C:\Projects\raptor_australia\dataset\raw\falco_peregrinus\falco_peregrinus_338838639_616279499.jpg,already_exists
338779978,falco_peregrinus,Falco peregrinus,Peregrine Falcon,616157905,https://inaturalist-open-data.s3.amazonaws.com/photos/616157905/medium.jpg,cc-by-nc,2026-02-15,-38.4046123621,144.2026498734,research,3,iNaturalist,C:\Projects\raptor_australia\dataset\raw\falco_peregrinus\falco_peregrinus_338779978_616157905.jpg,already_exists
338692069,falco_peregrinus,Falco peregrinus,Peregrine Falcon,615986443,https://inaturalist-open-data.s3.amazonaws.com/photos/615986443/medium.jpg,cc-by-nc,2026-02-15,-34.0351542825,151.2227876129,research,3,iNaturalist,C:\Projects\raptor_australia\dataset\raw\falco_peregrinus\falco_peregrinus_338692069_615986443.jpg,already_exists
338541055,falco_peregrinus,Falco peregrinus,Peregrine Falcon,615691163,https://inaturalist-open-data.s3.amazonaws.com/photos/615691163/medium.jpg,cc-by-nc,2026-02-14,-19.2703,146.7780133333,research,7,iNaturalist,C:\Projects\raptor_australia\dataset\raw\falco_peregrinus\falco_peregrinus_338541055_615691163.jpg,already_exists
338513992,falco_peregrinus,Falco peregrinus,Peregrine Falcon,615633747,https://inaturalist-open-data.s3.amazonaws.com/photos/615633747/medium.jpg,cc-by-nc,2026-02-07,-38.499927787,144.8891789094,research,3,iNaturalist,C:\Projects\raptor_australia\dataset\raw\falco_peregrinus\falco_peregrinus_338513992_615633747.jpg,already_exists
338403895,falco_peregrinus,Falco peregrinus,Peregrine Falcon,615404357,https://inaturalist-open-data.s3.amazonaws.com/photos/615404357/medium.jpg,cc0,2026-02-13,-31.7241640447,115.6148302834,research,3,iNaturalist,C:\Projects\raptor_australia\dataset\raw\falco_peregrinus\falco_peregrinus_338403895_615404357.jpg,already_exists
338386054,falco_peregrinus,Falco peregrinus,Peregrine Falcon,615366118,https://inaturalist-open-data.s3.amazonaws.com/photos/615366118/medium.jpg,cc-by-nc,2026-02-13,-38.1303971667,145.269395,research,5,iNaturalist,C:\Projects\raptor_australia\dataset\raw\falco_peregrinus\falco_peregrinus_338386054_615366118.jpg,already_exists
338383625,falco_peregrinus,Falco peregrinus,Peregrine Falcon,615391116,https://inaturalist-open-data.s3.amazonaws.com/photos/615391116/medium.jpg,cc-by-nc,2026-02-13,-32.9178801094,151.2530232136,research,5,iNaturalist,C:\Projects\raptor_australia\dataset\raw\falco_peregrinus\falco_peregrinus_338383625_615391116.jpg,already_exists
337873355,falco_peregrinus,Falco peregrinus,Peregrine Falcon,614311410,https://static.inaturalist.org/photos/614311410/medium.jpg,,2026-02-07,-28.6523802998,153.5350372839,research,4,iNaturalist,C:\Projects\raptor_australia\dataset\raw\falco_peregrinus\falco_peregrinus_337873355_614311410.jpg,already_exists
337672022,falco_peregrinus,Falco peregrinus,Peregrine Falcon,613899451,https://inaturalist-open-data.s3.amazonaws.com/photos/613899451/medium.jpg,cc-by-nc,2025-02-12,-31.9442779182,115.835444738,research,2,iNaturalist,C:\Projects\raptor_australia\dataset\raw\falco_peregrinus\falco_peregrinus_337672022_613899451.jpg,already_exists
337385358,falco_peregrinus,Falco peregrinus,Peregrine Falcon,613310231,https://inaturalist-open-data.s3.amazonaws.com/photos/613310231/medium.jpg,cc-by-nc,2026-02-05,-37.8606725159,144.9982884909,research,5,iNaturalist,C:\Projects\raptor_australia\dataset\raw\falco_peregrinus\falco_peregrinus_337385358_613310231.jpg,already_exists
337314727,falco_peregrinus,Falco peregrinus,Peregrine Falcon,613156881,https://inaturalist-open-data.s3.amazonaws.com/photos/613156881/medium.jpg,cc-by-nc,2025-08-17,-38.5360497819,145.4067022191,research,5,iNaturalist,C:\Projects\raptor_australia\dataset\raw\falco_peregrinus\falco_peregrinus_337314727_613156881.jpg,already_exists
337282146,falco_peregrinus,Falco peregrinus,Peregrine Falcon,613097399,https://inaturalist-open-data.s3.amazonaws.com/photos/613097399/medium.jpg,cc-by-nc,2026-02-04,-32.4050916667,152.20517,research,4,iNaturalist,C:\Projects\raptor_australia\dataset\raw\falco_peregrinus\falco_peregrinus_337282146_613097399.jpg,already_exists
337258882,falco_peregrinus,Falco peregrinus,Peregrine Falcon,613049048,https://inaturalist-open-data.s3.amazonaws.com/photos/613049048/medium.jpg,cc-by-nc,2026-02-03,-36.7330728127,149.8075573594,research,4,iNaturalist,C:\Projects\raptor_australia\dataset\raw\falco_peregrinus\falco_peregrinus_337258882_613049048.jpg,already_exists
337045483,falco_peregrinus,Falco peregrinus,Peregrine Falcon,612615450,https://inaturalist-open-data.s3.amazonaws.com/photos/612615450/medium.jpg,cc-by-nc,2026-02-02,-27.5669446402,153.296719681,research,4,iNaturalist,C:\Projects\raptor_australia\dataset\raw\falco_peregrinus\falco_peregrinus_337045483_612615450.jpg,already_exists
336946406,falco_peregrinus,Falco peregrinus,Peregrine Falcon,612414993,https://inaturalist-open-data.s3.amazonaws.com/photos/612414993/medium.jpg,cc-by-nc,2026-01-11,-38.7092982195,145.8760652556,research,6,iNaturalist,C:\Projects\raptor_australia\dataset\raw\falco_peregrinus\falco_peregrinus_336946406_612414993.jpg,already_exists
336672653,falco_peregrinus,Falco peregrinus,Peregrine Falcon,611859872,https://inaturalist-open-data.s3.amazonaws.com/photos/611859872/medium.jpg,cc-by-nc,2026-01-24,-33.505150948,151.3001347959,research,4,iNaturalist,C:\Projects\raptor_australia\dataset\raw\falco_peregrinus\falco_peregrinus_336672653_611859872.jpg,already_exists
336671014,falco_peregrinus,Falco peregrinus,Peregrine Falcon,611856366,https://inaturalist-open-data.s3.amazonaws.com/photos/611856366/medium.jpg,cc-by-nc,2026-01-30,-27.4279783333,153.0885,research,1,iNaturalist,C:\Projects\raptor_australia\dataset\raw\falco_peregrinus\falco_peregrinus_336671014_611856366.jpg,already_exists
336573252,falco_peregrinus,Falco peregrinus,Peregrine Falcon,611654137,https://inaturalist-open-data.s3.amazonaws.com/photos/611654137/medium.jpg,cc-by-nc,2026-01-28,-23.0201784278,142.4459391917,research,5,iNaturalist,C:\Projects\raptor_australia\dataset\raw\falco_peregrinus\falco_peregrinus_336573252_611654137.jpg,already_exists
336394497,falco_peregrinus,Falco peregrinus,Peregrine Falcon,612088926,https://inaturalist-open-data.s3.amazonaws.com/photos/612088926/medium.jpg,cc-by-nc,2026-01-28,-38.26585,144.4794783333,research,4,iNaturalist,C:\Projects\raptor_australia\dataset\raw\falco_peregrinus\falco_peregrinus_336394497_612088926.jpg,already_exists
336314884,falco_peregrinus,Falco peregrinus,Peregrine Falcon,611128057,https://inaturalist-open-data.s3.amazonaws.com/photos/611128057/medium.jpg,cc-by,2026-01-24,-27.4471168711,153.10104448,research,4,iNaturalist,C:\Projects\raptor_australia\dataset\raw\falco_peregrinus\falco_peregrinus_336314884_611128057.jpg,already_exists
336217905,falco_peregrinus,Falco peregrinus,Peregrine Falcon,610930272,https://inaturalist-open-data.s3.amazonaws.com/photos/610930272/medium.jpg,cc-by-nc,2026-01-26,-34.2725509847,118.3932772967,research,3,iNaturalist,C:\Projects\raptor_australia\dataset\raw\falco_peregrinus\falco_peregrinus_336217905_610930272.jpg,already_exists
336204742,falco_peregrinus,Falco peregrinus,Peregrine Falcon,610907347,https://static.inaturalist.org/photos/610907347/medium.jpg,,2026-01-26,-35.29421,149.02765,research,3,iNaturalist,C:\Projects\raptor_australia\dataset\raw\falco_peregrinus\falco_peregrinus_336204742_610907347.jpg,already_exists
336042061,falco_peregrinus,Falco peregrinus,Peregrine Falcon,610586284,https://static.inaturalist.org/photos/610586284/medium.jpg,,2026-01-25,-38.0621833333,141.9246533333,research,5,iNaturalist,C:\Projects\raptor_australia\dataset\raw\falco_peregrinus\falco_peregrinus_336042061_610586284.jpg,already_exists
336018268,falco_peregrinus,Falco peregrinus,Peregrine Falcon,610536971,https://inaturalist-open-data.s3.amazonaws.com/photos/610536971/medium.jpg,cc-by-nc,2026-01-24,-34.2594568643,150.9446959198,research,4,iNaturalist,C:\Projects\raptor_australia\dataset\raw\falco_peregrinus\falco_peregrinus_336018268_610536971.jpg,already_exists
335940227,falco_peregrinus,Falco peregrinus,Peregrine Falcon,610384954,https://inaturalist-open-data.s3.amazonaws.com/photos/610384954/medium.jpg,cc-by-nc,2022-09-07,-37.7272356368,143.6224650277,research,5,iNaturalist,C:\Projects\raptor_australia\dataset\raw\falco_peregrinus\falco_peregrinus_335940227_610384954.jpg,already_exists
335932497,falco_peregrinus,Falco peregrinus,Peregrine Falcon,610370494,https://inaturalist-open-data.s3.amazonaws.com/photos/610370494/medium.jpg,cc-by-nc,2026-01-24,-33.8054572908,151.1313895569,research,5,iNaturalist,C:\Projects\raptor_australia\dataset\raw\falco_peregrinus\falco_peregrinus_335932497_610370494.jpg,already_exists
335884755,falco_peregrinus,Falco peregrinus,Peregrine Falcon,610274084,https://inaturalist-open-data.s3.amazonaws.com/photos/610274084/medium.jpg,cc-by-nc,2026-01-24,-27.3160518377,153.1310663931,research,5,iNaturalist,C:\Projects\raptor_australia\dataset\raw\falco_peregrinus\falco_peregrinus_335884755_610274084.jpg,already_exists
335867821,falco_peregrinus,Falco peregrinus,Peregrine Falcon,610239506,https://inaturalist-open-data.s3.amazonaws.com/photos/610239506/medium.jpg,cc-by-nc,2019-12-16,-19.2576820626,146.8045398696,research,6,iNaturalist,C:\Projects\raptor_australia\dataset\raw\falco_peregrinus\falco_peregrinus_335867821_610239506.jpg,already_exists
335799340,falco_peregrinus,Falco peregrinus,Peregrine Falcon,610101234,https://inaturalist-open-data.s3.amazonaws.com/photos/610101234/medium.jpg,cc-by-nc,2026-01-18,-32.6501821349,115.7115531006,research,3,iNaturalist,C:\Projects\raptor_australia\dataset\raw\falco_peregrinus\falco_peregrinus_335799340_610101234.jpg,already_exists
335785361,falco_peregrinus,Falco peregrinus,Peregrine Falcon,610072767,https://inaturalist-open-data.s3.amazonaws.com/photos/610072767/medium.jpg,cc-by-nc,2026-01-21,-33.9078696028,151.1884720274,research,3,iNaturalist,C:\Projects\raptor_australia\dataset\raw\falco_peregrinus\falco_peregrinus_335785361_610072767.jpg,already_exists
335716553,falco_peregrinus,Falco peregrinus,Peregrine Falcon,609934744,https://static.inaturalist.org/photos/609934744/medium.jpg,,2026-01-23,-37.810955,144.9664783333,research,4,iNaturalist,C:\Projects\raptor_australia\dataset\raw\falco_peregrinus\falco_peregrinus_335716553_609934744.jpg,already_exists
335700702,falco_peregrinus,Falco peregrinus,Peregrine Falcon,609901610,https://static.inaturalist.org/photos/609901610/medium.jpg,,2026-01-14,-28.2240583333,153.110095,research,3,iNaturalist,C:\Projects\raptor_australia\dataset\raw\falco_peregrinus\falco_peregrinus_335700702_609901610.jpg,already_exists
335606240,falco_peregrinus,Falco peregrinus,Peregrine Falcon,609708335,https://inaturalist-open-data.s3.amazonaws.com/photos/609708335/medium.jpg,cc-by-nc,2026-01-22,-34.6145674404,138.8574959053,research,3,iNaturalist,C:\Projects\raptor_australia\dataset\raw\falco_peregrinus\falco_peregrinus_335606240_609708335.jpg,already_exists
335571614,falco_peregrinus,Falco peregrinus,Peregrine Falcon,609641213,https://inaturalist-open-data.s3.amazonaws.com/photos/609641213/medium.jpg,cc-by-nc,2026-01-21,-33.9444540499,121.9583818864,research,4,iNaturalist,C:\Projects\raptor_australia\dataset\raw\falco_peregrinus\falco_peregrinus_335571614_609641213.jpg,already_exists
335571477,falco_peregrinus,Falco peregrinus,Peregrine Falcon,609640963,https://inaturalist-open-data.s3.amazonaws.com/photos/609640963/medium.jpg,cc-by-nc,2026-01-21,-33.9089514576,121.9158131073,research,5,iNaturalist,C:\Projects\raptor_australia\dataset\raw\falco_peregrinus\falco_peregrinus_335571477_609640963.jpg,already_exists
335455875,falco_peregrinus,Falco peregrinus,Peregrine Falcon,609403822,https://inaturalist-open-data.s3.amazonaws.com/photos/609403822/medium.jpg,cc-by-nc,2026-01-18,-27.5132255607,152.2881752097,research,4,iNaturalist,C:\Projects\raptor_australia\dataset\raw\falco_peregrinus\falco_peregrinus_335455875_609403822.jpg,already_exists
335454090,falco_peregrinus,Falco peregrinus,Peregrine Falcon,609404279,https://inaturalist-open-data.s3.amazonaws.com/photos/609404279/medium.jpg,cc-by-nc,2026-01-19,-31.8318691437,115.9160212087,research,2,iNaturalist,C:\Projects\raptor_australia\dataset\raw\falco_peregrinus\falco_peregrinus_335454090_609404279.jpg,already_exists
335291628,falco_peregrinus,Falco peregrinus,Peregrine Falcon,609074070,https://static.inaturalist.org/photos/609074070/medium.jpg,,2026-01-11,-42.999960625,147.3273941117,research,4,iNaturalist,C:\Projects\raptor_australia\dataset\raw\falco_peregrinus\falco_peregrinus_335291628_609074070.jpg,already_exists
335179420,falco_peregrinus,Falco peregrinus,Peregrine Falcon,608848326,https://inaturalist-open-data.s3.amazonaws.com/photos/608848326/medium.jpg,cc-by-nc,2018-02-07,-27.8254305556,152.9995,research,2,iNaturalist,C:\Projects\raptor_australia\dataset\raw\falco_peregrinus\falco_peregrinus_335179420_608848326.jpg,already_exists
335178298,falco_peregrinus,Falco peregrinus,Peregrine Falcon,608850031,https://inaturalist-open-data.s3.amazonaws.com/photos/608850031/medium.jpg,cc-by-nc,2025-08-20,-38.0229202,144.3964232,research,2,iNaturalist,C:\Projects\raptor_australia\dataset\raw\falco_peregrinus\falco_peregrinus_335178298_608850031.jpg,already_exists
335130647,falco_peregrinus,Falco peregrinus,Peregrine Falcon,608746871,https://inaturalist-open-data.s3.amazonaws.com/photos/608746871/medium.jpg,cc-by-nc,2026-01-12,-12.4010374239,130.8536905802,research,2,iNaturalist,C:\Projects\raptor_australia\dataset\raw\falco_peregrinus\falco_peregrinus_335130647_608746871.jpg,already_exists
335063330,falco_peregrinus,Falco peregrinus,Peregrine Falcon,608620023,https://inaturalist-open-data.s3.amazonaws.com/photos/608620023/medium.jpg,cc-by-nc,2026-01-17,-34.1068322993,115.1282033476,research,1,iNaturalist,C:\Projects\raptor_australia\dataset\raw\falco_peregrinus\falco_peregrinus_335063330_608620023.jpg,already_exists
334931688,falco_peregrinus,Falco peregrinus,Peregrine Falcon,608344409,https://inaturalist-open-data.s3.amazonaws.com/photos/608344409/medium.jpg,cc-by-nc,2025-03-22,-37.7409833,144.8858274,research,4,iNaturalist,C:\Projects\raptor_australia\dataset\raw\falco_peregrinus\falco_peregrinus_334931688_608344409.jpg,already_exists
334910697,falco_peregrinus,Falco peregrinus,Peregrine Falcon,608301313,https://inaturalist-open-data.s3.amazonaws.com/photos/608301313/medium.jpg,cc-by-nc,2026-01-15,-35.4324104669,149.210115655,research,4,iNaturalist,C:\Projects\raptor_australia\dataset\raw\falco_peregrinus\falco_peregrinus_334910697_608301313.jpg,already_exists
334691900,falco_peregrinus,Falco peregrinus,Peregrine Falcon,607853121,https://inaturalist-open-data.s3.amazonaws.com/photos/607853121/medium.jpg,cc-by-nc,2025-10-31,-35.116609703,138.5617455667,research,5,iNaturalist,C:\Projects\raptor_australia\dataset\raw\falco_peregrinus\falco_peregrinus_334691900_607853121.jpg,already_exists
334466953,falco_peregrinus,Falco peregrinus,Peregrine Falcon,607399652,https://inaturalist-open-data.s3.amazonaws.com/photos/607399652/medium.jpg,cc-by-nc,2025-12-04,-33.1423564258,151.584479397,research,4,iNaturalist,C:\Projects\raptor_australia\dataset\raw\falco_peregrinus\falco_peregrinus_334466953_607399652.jpg,already_exists
334440565,falco_peregrinus,Falco peregrinus,Peregrine Falcon,607345469,https://inaturalist-open-data.s3.amazonaws.com/photos/607345469/medium.jpg,cc-by-nc,2026-01-12,-38.46168,144.1094055,research,3,iNaturalist,C:\Projects\raptor_australia\dataset\raw\falco_peregrinus\falco_peregrinus_334440565_607345469.jpg,already_exists
334325606,falco_peregrinus,Falco peregrinus,Peregrine Falcon,607109777,https://inaturalist-open-data.s3.amazonaws.com/photos/607109777/medium.jpg,cc-by-nc,2026-01-11,-34.6376990163,139.4971544971,research,2,iNaturalist,C:\Projects\raptor_australia\dataset\raw\falco_peregrinus\falco_peregrinus_334325606_607109777.jpg,already_exists
334314481,falco_peregrinus,Falco peregrinus,Peregrine Falcon,607086738,https://inaturalist-open-data.s3.amazonaws.com/photos/607086738/medium.jpg,cc-by-nc,2025-07-02,-31.9521298549,115.8705469338,research,5,iNaturalist,C:\Projects\raptor_australia\dataset\raw\falco_peregrinus\falco_peregrinus_334314481_607086738.jpg,already_exists
334309306,falco_peregrinus,Falco peregrinus,Peregrine Falcon,607077126,https://inaturalist-open-data.s3.amazonaws.com/photos/607077126/medium.jpg,cc-by-nc,2023-08-12,-17.4257357,145.4853754,research,4,iNaturalist,C:\Projects\raptor_australia\dataset\raw\falco_peregrinus\falco_peregrinus_334309306_607077126.jpg,already_exists
334180219,falco_peregrinus,Falco peregrinus,Peregrine Falcon,606813333,https://inaturalist-open-data.s3.amazonaws.com/photos/606813333/medium.jpg,cc-by-nc,2026-01-10,-37.7579805636,145.6450649621,research,3,iNaturalist,C:\Projects\raptor_australia\dataset\raw\falco_peregrinus\falco_peregrinus_334180219_606813333.jpg,already_exists
334151990,falco_peregrinus,Falco peregrinus,Peregrine Falcon,606754241,https://inaturalist-open-data.s3.amazonaws.com/photos/606754241/medium.jpg,cc-by-nc,2018-12-04,-34.5632,142.4230722222,research,4,iNaturalist,C:\Projects\raptor_australia\dataset\raw\falco_peregrinus\falco_peregrinus_334151990_606754241.jpg,already_exists
334149335,falco_peregrinus,Falco peregrinus,Peregrine Falcon,606748739,https://inaturalist-open-data.s3.amazonaws.com/photos/606748739/medium.jpg,cc-by-nc,2018-10-04,-34.1760805556,146.2784305556,research,3,iNaturalist,C:\Projects\raptor_australia\dataset\raw\falco_peregrinus\falco_peregrinus_334149335_606748739.jpg,already_exists
334103108,falco_peregrinus,Falco peregrinus,Peregrine Falcon,606649050,https://inaturalist-open-data.s3.amazonaws.com/photos/606649050/medium.jpg,cc-by,2025-04-04,-16.2362735901,145.3044608944,research,2,iNaturalist,C:\Projects\raptor_australia\dataset\raw\falco_peregrinus\falco_peregrinus_334103108_606649050.jpg,already_exists
334079064,falco_peregrinus,Falco peregrinus,Peregrine Falcon,606608038,https://inaturalist-open-data.s3.amazonaws.com/photos/606608038/medium.jpg,cc-by-nc,2026-01-06,-33.5691353077,150.6252889777,research,2,iNaturalist,C:\Projects\raptor_australia\dataset\raw\falco_peregrinus\falco_peregrinus_334079064_606608038.jpg,already_exists
334068631,falco_peregrinus,Falco peregrinus,Peregrine Falcon,606587842,https://inaturalist-open-data.s3.amazonaws.com/photos/606587842/medium.jpg,cc-by-nc,2025-09-19,-27.6473783333,152.7516333333,research,3,iNaturalist,C:\Projects\raptor_australia\dataset\raw\falco_peregrinus\falco_peregrinus_334068631_606587842.jpg,already_exists
333955921,falco_peregrinus,Falco peregrinus,Peregrine Falcon,606356220,https://inaturalist-open-data.s3.amazonaws.com/photos/606356220/medium.jpg,cc-by-nc,2015-10-24,-43.3907583333,147.2549222222,research,4,iNaturalist,C:\Projects\raptor_australia\dataset\raw\falco_peregrinus\falco_peregrinus_333955921_606356220.jpg,already_exists
333937855,falco_peregrinus,Falco peregrinus,Peregrine Falcon,606323018,https://inaturalist-open-data.s3.amazonaws.com/photos/606323018/medium.jpg,cc-by-nc,2021-12-22,-35.9496305556,147.034225,research,3,iNaturalist,C:\Projects\raptor_australia\dataset\raw\falco_peregrinus\falco_peregrinus_333937855_606323018.jpg,already_exists
333928879,falco_peregrinus,Falco peregrinus,Peregrine Falcon,605864586,https://inaturalist-open-data.s3.amazonaws.com/photos/605864586/medium.jpg,cc-by-nc,2025-12-01,-38.3347625062,145.0598944115,research,4,iNaturalist,C:\Projects\raptor_australia\dataset\raw\falco_peregrinus\falco_peregrinus_333928879_605864586.jpg,already_exists
333928877,falco_peregrinus,Falco peregrinus,Peregrine Falcon,605864533,https://inaturalist-open-data.s3.amazonaws.com/photos/605864533/medium.jpg,cc-by-nc,2025-11-21,-38.2566647467,145.1452669329,research,3,iNaturalist,C:\Projects\raptor_australia\dataset\raw\falco_peregrinus\falco_peregrinus_333928877_605864533.jpg,already_exists
333921172,falco_peregrinus,Falco peregrinus,Peregrine Falcon,606289370,https://inaturalist-open-data.s3.amazonaws.com/photos/606289370/medium.jpg,cc-by-nc,2025-11-17,-33.9674379225,151.2639942553,research,5,iNaturalist,C:\Projects\raptor_australia\dataset\raw\falco_peregrinus\falco_peregrinus_333921172_606289370.jpg,already_exists
333686724,falco_peregrinus,Falco peregrinus,Peregrine Falcon,605806137,https://inaturalist-open-data.s3.amazonaws.com/photos/605806137/medium.jpg,cc-by-nc,2019-02-23,-35.2820384072,136.9560392269,research,2,iNaturalist,C:\Projects\raptor_australia\dataset\raw\falco_peregrinus\falco_peregrinus_333686724_605806137.jpg,already_exists
333679982,falco_peregrinus,Falco peregrinus,Peregrine Falcon,605794415,https://inaturalist-open-data.s3.amazonaws.com/photos/605794415/medium.jpg,cc-by-nc,2026-01-02,-33.9911719225,151.1556063164,research,3,iNaturalist,C:\Projects\raptor_australia\dataset\raw\falco_peregrinus\falco_peregrinus_333679982_605794415.jpg,already_exists
333441918,falco_peregrinus,Falco peregrinus,Peregrine Falcon,605362877,https://inaturalist-open-data.s3.amazonaws.com/photos/605362877/medium.jpg,cc-by-nc,2026-01-03,-33.5691353077,150.6252889777,research,3,iNaturalist,C:\Projects\raptor_australia\dataset\raw\falco_peregrinus\falco_peregrinus_333441918_605362877.jpg,already_exists
333379553,falco_peregrinus,Falco peregrinus,Peregrine Falcon,605236875,https://inaturalist-open-data.s3.amazonaws.com/photos/605236875/medium.jpg,cc-by-nc,2026-01-02,-37.6884328661,144.9042675916,research,5,iNaturalist,C:\Projects\raptor_australia\dataset\raw\falco_peregrinus\falco_peregrinus_333379553_605236875.jpg,already_exists
333246745,falco_peregrinus,Falco peregrinus,Peregrine Falcon,604967637,https://inaturalist-open-data.s3.amazonaws.com/photos/604967637/medium.jpg,cc-by-nc,2025-02-20,-37.2408701416,149.5228922674,research,3,iNaturalist,C:\Projects\raptor_australia\dataset\raw\falco_peregrinus\falco_peregrinus_333246745_604967637.jpg,already_exists
333113691,falco_peregrinus,Falco peregrinus,Peregrine Falcon,604698744,https://inaturalist-open-data.s3.amazonaws.com/photos/604698744/medium.jpg,cc-by-nc,2020-03-23,-34.9742452235,116.6884297826,research,4,iNaturalist,C:\Projects\raptor_australia\dataset\raw\falco_peregrinus\falco_peregrinus_333113691_604698744.jpg,already_exists
333102739,falco_peregrinus,Falco peregrinus,Peregrine Falcon,604677091,https://inaturalist-open-data.s3.amazonaws.com/photos/604677091/medium.jpg,cc-by-nc,2026-01-02,-23.9548015683,116.3086210479,research,4,iNaturalist,C:\Projects\raptor_australia\dataset\raw\falco_peregrinus\falco_peregrinus_333102739_604677091.jpg,already_exists
333099758,falco_peregrinus,Falco peregrinus,Peregrine Falcon,604670978,https://inaturalist-open-data.s3.amazonaws.com/photos/604670978/medium.jpg,cc-by-nc,2025-12-27,-37.7704641924,144.9422329792,research,2,iNaturalist,C:\Projects\raptor_australia\dataset\raw\falco_peregrinus\falco_peregrinus_333099758_604670978.jpg,already_exists
332979426,falco_peregrinus,Falco peregrinus,Peregrine Falcon,604422391,https://inaturalist-open-data.s3.amazonaws.com/photos/604422391/medium.jpg,cc-by-nc,2025-12-29,-28.527172,153.341579,research,4,iNaturalist,C:\Projects\raptor_australia\dataset\raw\falco_peregrinus\falco_peregrinus_332979426_604422391.jpg,already_exists
332969947,falco_peregrinus,Falco peregrinus,Peregrine Falcon,604404865,https://inaturalist-open-data.s3.amazonaws.com/photos/604404865/medium.jpg,cc-by-nc,2019-12-29,-31.8309663342,116.1100002365,research,3,iNaturalist,C:\Projects\raptor_australia\dataset\raw\falco_peregrinus\falco_peregrinus_332969947_604404865.jpg,already_exists
332847280,falco_peregrinus,Falco peregrinus,Peregrine Falcon,604247365,https://static.inaturalist.org/photos/604247365/medium.jpg,,2025-12-31,-38.5257638432,145.2219812013,research,4,iNaturalist,C:\Projects\raptor_australia\dataset\raw\falco_peregrinus\falco_peregrinus_332847280_604247365.jpg,already_exists
332831327,falco_peregrinus,Falco peregrinus,Peregrine Falcon,604111514,https://inaturalist-open-data.s3.amazonaws.com/photos/604111514/medium.jpg,cc-by,2025-12-26,-35.7009939317,150.2057954717,research,2,iNaturalist,C:\Projects\raptor_australia\dataset\raw\falco_peregrinus\falco_peregrinus_332831327_604111514.jpg,already_exists
332831323,falco_peregrinus,Falco peregrinus,Peregrine Falcon,604111284,https://inaturalist-open-data.s3.amazonaws.com/photos/604111284/medium.jpg,cc-by,2025-12-26,-35.7009939317,150.2057954717,research,2,iNaturalist,C:\Projects\raptor_australia\dataset\raw\falco_peregrinus\falco_peregrinus_332831323_604111284.jpg,already_exists
332798546,falco_peregrinus,Falco peregrinus,Peregrine Falcon,603905650,https://inaturalist-open-data.s3.amazonaws.com/photos/603905650/medium.jpg,cc-by-nc,2025-12-30,-33.5896295205,150.8512202108,research,2,iNaturalist,C:\Projects\raptor_australia\dataset\raw\falco_peregrinus\falco_peregrinus_332798546_603905650.jpg,already_exists
332757264,falco_peregrinus,Falco peregrinus,Peregrine Falcon,603962222,https://inaturalist-open-data.s3.amazonaws.com/photos/603962222/medium.jpg,cc-by,2025-12-08,-38.4685913723,144.1068096288,research,4,iNaturalist,C:\Projects\raptor_australia\dataset\raw\falco_peregrinus\falco_peregrinus_332757264_603962222.jpg,already_exists
332661829,falco_peregrinus,Falco peregrinus,Peregrine Falcon,603767607,https://inaturalist-open-data.s3.amazonaws.com/photos/603767607/medium.jpg,cc-by-nc,2019-10-26,-20.4781668917,118.5595110253,research,3,iNaturalist,C:\Projects\raptor_australia\dataset\raw\falco_peregrinus\falco_peregrinus_332661829_603767607.jpg,already_exists
332661827,falco_peregrinus,Falco peregrinus,Peregrine Falcon,603767384,https://inaturalist-open-data.s3.amazonaws.com/photos/603767384/medium.jpg,cc-by-nc,2019-10-26,-20.4973736568,118.4052412841,research,3,iNaturalist,C:\Projects\raptor_australia\dataset\raw\falco_peregrinus\falco_peregrinus_332661827_603767384.jpg,already_exists
332579409,falco_peregrinus,Falco peregrinus,Peregrine Falcon,603603837,https://inaturalist-open-data.s3.amazonaws.com/photos/603603837/medium.jpg,cc-by-nc,2025-12-27,-38.4599036105,145.3528842822,research,3,iNaturalist,C:\Projects\raptor_australia\dataset\raw\falco_peregrinus\falco_peregrinus_332579409_603603837.jpg,already_exists
332570116,falco_peregrinus,Falco peregrinus,Peregrine Falcon,603585055,https://static.inaturalist.org/photos/603585055/medium.jpg,,2025-12-29,-38.4647003922,144.1074195877,research,3,iNaturalist,C:\Projects\raptor_australia\dataset\raw\falco_peregrinus\falco_peregrinus_332570116_603585055.jpg,already_exists
332524600,falco_peregrinus,Falco peregrinus,Peregrine Falcon,603484676,https://inaturalist-open-data.s3.amazonaws.com/photos/603484676/medium.jpg,cc-by-nc,2020-05-17,-29.8295193765,139.6853668477,research,2,iNaturalist,C:\Projects\raptor_australia\dataset\raw\falco_peregrinus\falco_peregrinus_332524600_603484676.jpg,already_exists
332505939,falco_peregrinus,Falco peregrinus,Peregrine Falcon,603449194,https://inaturalist-open-data.s3.amazonaws.com/photos/603449194/medium.jpg,cc-by-nc,2025-12-28,-34.1870891441,142.1816583106,research,4,iNaturalist,C:\Projects\raptor_australia\dataset\raw\falco_peregrinus\falco_peregrinus_332505939_603449194.jpg,already_exists
332422897,falco_peregrinus,Falco peregrinus,Peregrine Falcon,603281126,https://inaturalist-open-data.s3.amazonaws.com/photos/603281126/medium.jpg,cc-by-nc,2025-12-28,-38.5129783333,145.1494611667,research,3,iNaturalist,C:\Projects\raptor_australia\dataset\raw\falco_peregrinus\falco_peregrinus_332422897_603281126.jpg,already_exists
332333084,falco_peregrinus,Falco peregrinus,Peregrine Falcon,603098055,https://inaturalist-open-data.s3.amazonaws.com/photos/603098055/medium.jpg,cc-by-nc,2025-12-27,-38.5037768244,145.2716745665,research,3,iNaturalist,C:\Projects\raptor_australia\dataset\raw\falco_peregrinus\falco_peregrinus_332333084_603098055.jpg,already_exists
332120677,falco_peregrinus,Falco peregrinus,Peregrine Falcon,602660742,https://inaturalist-open-data.s3.amazonaws.com/photos/602660742/medium.jpg,cc-by-nc,2025-12-25,-35.3832277124,147.0605025264,research,3,iNaturalist,C:\Projects\raptor_australia\dataset\raw\falco_peregrinus\falco_peregrinus_332120677_602660742.jpg,already_exists
331955691,falco_peregrinus,Falco peregrinus,Peregrine Falcon,602319217,https://inaturalist-open-data.s3.amazonaws.com/photos/602319217/medium.jpg,cc-by-nc,2025-12-22,-33.8641308951,151.2020156533,research,3,iNaturalist,C:\Projects\raptor_australia\dataset\raw\falco_peregrinus\falco_peregrinus_331955691_602319217.jpg,already_exists
331907649,falco_peregrinus,Falco peregrinus,Peregrine Falcon,602220757,https://inaturalist-open-data.s3.amazonaws.com/photos/602220757/medium.jpg,cc-by-nc,2025-12-24,-31.1311958255,150.963220261,research,3,iNaturalist,C:\Projects\raptor_australia\dataset\raw\falco_peregrinus\falco_peregrinus_331907649_602220757.jpg,already_exists
331894056,falco_peregrinus,Falco peregrinus,Peregrine Falcon,602193817,https://inaturalist-open-data.s3.amazonaws.com/photos/602193817/medium.jpg,cc-by-nc,2025-12-24,-35.6102576168,150.3345165029,research,3,iNaturalist,C:\Projects\raptor_australia\dataset\raw\falco_peregrinus\falco_peregrinus_331894056_602193817.jpg,already_exists
331887802,falco_peregrinus,Falco peregrinus,Peregrine Falcon,602180894,https://inaturalist-open-data.s3.amazonaws.com/photos/602180894/medium.jpg,cc-by-nc,2025-12-24,-34.9721403411,138.658835489,research,3,iNaturalist,C:\Projects\raptor_australia\dataset\raw\falco_peregrinus\falco_peregrinus_331887802_602180894.jpg,already_exists
331857340,falco_peregrinus,Falco peregrinus,Peregrine Falcon,602115998,https://inaturalist-open-data.s3.amazonaws.com/photos/602115998/medium.jpg,cc0,2025-12-24,-38.3327883333,144.3106366667,research,3,iNaturalist,C:\Projects\raptor_australia\dataset\raw\falco_peregrinus\falco_peregrinus_331857340_602115998.jpg,already_exists
331792530,falco_peregrinus,Falco peregrinus,Peregrine Falcon,601981531,https://inaturalist-open-data.s3.amazonaws.com/photos/601981531/medium.jpg,cc-by-nc,2025-12-22,-36.7619311152,149.9182723459,research,3,iNaturalist,C:\Projects\raptor_australia\dataset\raw\falco_peregrinus\falco_peregrinus_331792530_601981531.jpg,already_exists
331784302,falco_peregrinus,Falco peregrinus,Peregrine Falcon,601967852,https://inaturalist-open-data.s3.amazonaws.com/photos/601967852/medium.jpg,cc-by-nc,2025-12-18,-28.0332135325,151.9807226211,research,3,iNaturalist,C:\Projects\raptor_australia\dataset\raw\falco_peregrinus\falco_peregrinus_331784302_601967852.jpg,already_exists
331783355,falco_peregrinus,Falco peregrinus,Peregrine Falcon,601963333,https://inaturalist-open-data.s3.amazonaws.com/photos/601963333/medium.jpg,cc-by-nc,2025-12-22,-35.019082718,139.2241726689,research,3,iNaturalist,C:\Projects\raptor_australia\dataset\raw\falco_peregrinus\falco_peregrinus_331783355_601963333.jpg,already_exists
331747587,falco_peregrinus,Falco peregrinus,Peregrine Falcon,601892522,https://inaturalist-open-data.s3.amazonaws.com/photos/601892522/medium.jpg,cc-by-nc,2025-12-23,-37.2289886324,144.7931608285,research,3,iNaturalist,C:\Projects\raptor_australia\dataset\raw\falco_peregrinus\falco_peregrinus_331747587_601892522.jpg,already_exists
331656499,falco_peregrinus,Falco peregrinus,Peregrine Falcon,601705965,https://inaturalist-open-data.s3.amazonaws.com/photos/601705965/medium.jpg,cc-by-nc,2025-11-19,-33.8645033017,151.2099601436,research,4,iNaturalist,C:\Projects\raptor_australia\dataset\raw\falco_peregrinus\falco_peregrinus_331656499_601705965.jpg,already_exists
331582426,falco_peregrinus,Falco peregrinus,Peregrine Falcon,601554673,https://inaturalist-open-data.s3.amazonaws.com/photos/601554673/medium.jpg,cc-by-nc,2025-12-21,-36.9232472222,142.4253472222,research,2,iNaturalist,C:\Projects\raptor_australia\dataset\raw\falco_peregrinus\falco_peregrinus_331582426_601554673.jpg,already_exists
331520399,falco_peregrinus,Falco peregrinus,Peregrine Falcon,601431066,https://inaturalist-open-data.s3.amazonaws.com/photos/601431066/medium.jpg,cc-by-nc,2025-12-21,-27.4916161447,152.9942370844,research,2,iNaturalist,C:\Projects\raptor_australia\dataset\raw\falco_peregrinus\falco_peregrinus_331520399_601431066.jpg,already_exists
331508843,falco_peregrinus,Falco peregrinus,Peregrine Falcon,601408294,https://inaturalist-open-data.s3.amazonaws.com/photos/601408294/medium.jpg,cc-by-nc,2025-12-21,-35.5698283704,150.3702166967,research,3,iNaturalist,C:\Projects\raptor_australia\dataset\raw\falco_peregrinus\falco_peregrinus_331508843_601408294.jpg,already_exists
331479635,falco_peregrinus,Falco peregrinus,Peregrine Falcon,601348974,https://inaturalist-open-data.s3.amazonaws.com/photos/601348974/medium.jpg,cc-by-nc,2025-12-20,-27.4921087657,152.996331837,research,1,iNaturalist,C:\Projects\raptor_australia\dataset\raw\falco_peregrinus\falco_peregrinus_331479635_601348974.jpg,already_exists
331387984,falco_peregrinus,Falco peregrinus,Peregrine Falcon,601158090,https://static.inaturalist.org/photos/601158090/medium.jpg,,2025-12-20,-35.6638765053,150.2964016423,research,3,iNaturalist,C:\Projects\raptor_australia\dataset\raw\falco_peregrinus\falco_peregrinus_331387984_601158090.jpg,already_exists
331368696,falco_peregrinus,Falco peregrinus,Peregrine Falcon,601109151,https://inaturalist-open-data.s3.amazonaws.com/photos/601109151/medium.jpg,cc-by,2025-12-19,-27.5639534631,153.0933703378,research,3,iNaturalist,C:\Projects\raptor_australia\dataset\raw\falco_peregrinus\falco_peregrinus_331368696_601109151.jpg,already_exists
331363500,falco_peregrinus,Falco peregrinus,Peregrine Falcon,601109234,https://inaturalist-open-data.s3.amazonaws.com/photos/601109234/medium.jpg,cc-by-nc,2025-10-18,-35.5812203044,142.0553798229,research,3,iNaturalist,C:\Projects\raptor_australia\dataset\raw\falco_peregrinus\falco_peregrinus_331363500_601109234.jpg,already_exists
331288900,falco_peregrinus,Falco peregrinus,Peregrine Falcon,600954836,https://inaturalist-open-data.s3.amazonaws.com/photos/600954836/medium.jpg,cc-by-nc,2025-12-19,-34.9818216156,138.6794908207,research,3,iNaturalist,C:\Projects\raptor_australia\dataset\raw\falco_peregrinus\falco_peregrinus_331288900_600954836.jpg,already_exists
331279484,falco_peregrinus,Falco peregrinus,Peregrine Falcon,600935557,https://inaturalist-open-data.s3.amazonaws.com/photos/600935557/medium.jpg,cc-by-nc,2025-12-19,-37.6884328661,144.9042675916,research,4,iNaturalist,C:\Projects\raptor_australia\dataset\raw\falco_peregrinus\falco_peregrinus_331279484_600935557.jpg,already_exists
331273584,falco_peregrinus,Falco peregrinus,Peregrine Falcon,600921426,https://inaturalist-open-data.s3.amazonaws.com/photos/600921426/medium.jpg,cc-by-nc,2025-12-19,-27.9307038561,152.7752120667,research,2,iNaturalist,C:\Projects\raptor_australia\dataset\raw\falco_peregrinus\falco_peregrinus_331273584_600921426.jpg,already_exists
331261350,falco_peregrinus,Falco peregrinus,Peregrine Falcon,600895551,https://inaturalist-open-data.s3.amazonaws.com/photos/600895551/medium.jpg,cc-by-nc,2025-12-19,-33.9316265645,151.1770677567,research,2,iNaturalist,C:\Projects\raptor_australia\dataset\raw\falco_peregrinus\falco_peregrinus_331261350_600895551.jpg,already_exists
331260134,falco_peregrinus,Falco peregrinus,Peregrine Falcon,600891746,https://inaturalist-open-data.s3.amazonaws.com/photos/600891746/medium.jpg,cc-by-nc,2024-11-30,-14.9165309558,144.1934658769,research,4,iNaturalist,C:\Projects\raptor_australia\dataset\raw\falco_peregrinus\falco_peregrinus_331260134_600891746.jpg,already_exists
331176185,falco_peregrinus,Falco peregrinus,Peregrine Falcon,600719382,https://static.inaturalist.org/photos/600719382/medium.jpg,,2025-12-14,-37.9912208548,141.0177902531,research,2,iNaturalist,C:\Projects\raptor_australia\dataset\raw\falco_peregrinus\falco_peregrinus_331176185_600719382.jpg,already_exists
331164172,falco_peregrinus,Falco peregrinus,Peregrine Falcon,600695285,https://inaturalist-open-data.s3.amazonaws.com/photos/600695285/medium.jpg,cc-by-nc,2025-03-25,-33.138119434,150.3418937064,research,3,iNaturalist,C:\Projects\raptor_australia\dataset\raw\falco_peregrinus\falco_peregrinus_331164172_600695285.jpg,already_exists
331162231,falco_peregrinus,Falco peregrinus,Peregrine Falcon,600691523,https://inaturalist-open-data.s3.amazonaws.com/photos/600691523/medium.jpg,cc-by-nc,2025-12-16,-33.4772459101,150.913716197,research,3,iNaturalist,C:\Projects\raptor_australia\dataset\raw\falco_peregrinus\falco_peregrinus_331162231_600691523.jpg,already_exists
331140857,falco_peregrinus,Falco peregrinus,Peregrine Falcon,600648660,https://inaturalist-open-data.s3.amazonaws.com/photos/600648660/medium.jpg,cc-by-nc,2025-12-18,-35.2911148767,138.5900386441,research,4,iNaturalist,C:\Projects\raptor_australia\dataset\raw\falco_peregrinus\falco_peregrinus_331140857_600648660.jpg,already_exists
331110317,falco_peregrinus,Falco peregrinus,Peregrine Falcon,600574826,https://inaturalist-open-data.s3.amazonaws.com/photos/600574826/medium.jpg,cc-by-nc-sa,2025-11-13,-33.6635120549,151.1558889593,research,2,iNaturalist,C:\Projects\raptor_australia\dataset\raw\falco_peregrinus\falco_peregrinus_331110317_600574826.jpg,already_exists
331058935,falco_peregrinus,Falco peregrinus,Peregrine Falcon,600479245,https://inaturalist-open-data.s3.amazonaws.com/photos/600479245/medium.jpg,cc-by-nc,2025-12-17,-34.1969072307,139.6553701538,research,4,iNaturalist,C:\Projects\raptor_australia\dataset\raw\falco_peregrinus\falco_peregrinus_331058935_600479245.jpg,already_exists
331058884,falco_peregrinus,Falco peregrinus,Peregrine Falcon,600478308,https://inaturalist-open-data.s3.amazonaws.com/photos/600478308/medium.jpg,cc-by-nc,2025-12-17,-34.1323333039,139.6475836595,research,3,iNaturalist,C:\Projects\raptor_australia\dataset\raw\falco_peregrinus\falco_peregrinus_331058884_600478308.jpg,already_exists
330944187,falco_peregrinus,Falco peregrinus,Peregrine Falcon,600237245,https://inaturalist-open-data.s3.amazonaws.com/photos/600237245/medium.jpg,cc-by-nc,2025-12-16,-34.4126832735,146.0507877554,research,3,iNaturalist,C:\Projects\raptor_australia\dataset\raw\falco_peregrinus\falco_peregrinus_330944187_600237245.jpg,already_exists
330934804,falco_peregrinus,Falco peregrinus,Peregrine Falcon,600220963,https://inaturalist-open-data.s3.amazonaws.com/photos/600220963/medium.jpg,cc-by,2025-12-15,-38.0377444916,144.4679907918,research,3,iNaturalist,C:\Projects\raptor_australia\dataset\raw\falco_peregrinus\falco_peregrinus_330934804_600220963.jpg,already_exists
330836585,falco_peregrinus,Falco peregrinus,Peregrine Falcon,600016595,https://inaturalist-open-data.s3.amazonaws.com/photos/600016595/medium.jpg,cc-by,2025-12-15,-34.0311657478,151.2264747381,research,3,iNaturalist,C:\Projects\raptor_australia\dataset\raw\falco_peregrinus\falco_peregrinus_330836585_600016595.jpg,already_exists
330712884,falco_peregrinus,Falco peregrinus,Peregrine Falcon,599768053,https://inaturalist-open-data.s3.amazonaws.com/photos/599768053/medium.jpg,cc-by-nc,2025-12-14,-34.0364976115,151.2187028744,research,3,iNaturalist,C:\Projects\raptor_australia\dataset\raw\falco_peregrinus\falco_peregrinus_330712884_599768053.jpg,already_exists
330707689,falco_peregrinus,Falco peregrinus,Peregrine Falcon,599756354,https://inaturalist-open-data.s3.amazonaws.com/photos/599756354/medium.jpg,cc-by-nc,2025-12-14,-34.0319183985,151.2265228993,research,3,iNaturalist,C:\Projects\raptor_australia\dataset\raw\falco_peregrinus\falco_peregrinus_330707689_599756354.jpg,already_exists
330574311,falco_peregrinus,Falco peregrinus,Peregrine Falcon,599477237,https://inaturalist-open-data.s3.amazonaws.com/photos/599477237/medium.jpg,cc-by-nc,2025-12-10,-32.203241065,148.6256575217,research,2,iNaturalist,C:\Projects\raptor_australia\dataset\raw\falco_peregrinus\falco_peregrinus_330574311_599477237.jpg,already_exists
330505838,falco_peregrinus,Falco peregrinus,Peregrine Falcon,599337163,https://inaturalist-open-data.s3.amazonaws.com/photos/599337163/medium.jpg,cc-by-nc,2013-02-04,-34.767422,150.302174,research,5,iNaturalist,C:\Projects\raptor_australia\dataset\raw\falco_peregrinus\falco_peregrinus_330505838_599337163.jpg,already_exists
330434557,falco_peregrinus,Falco peregrinus,Peregrine Falcon,599187420,https://inaturalist-open-data.s3.amazonaws.com/photos/599187420/medium.jpg,cc-by-nc,2025-12-05,-33.8593147156,151.1802599504,research,4,iNaturalist,C:\Projects\raptor_australia\dataset\raw\falco_peregrinus\falco_peregrinus_330434557_599187420.jpg,already_exists
330434551,falco_peregrinus,Falco peregrinus,Peregrine Falcon,599187375,https://inaturalist-open-data.s3.amazonaws.com/photos/599187375/medium.jpg,cc-by-nc,2025-11-28,-33.8019827646,151.094160815,research,3,iNaturalist,C:\Projects\raptor_australia\dataset\raw\falco_peregrinus\falco_peregrinus_330434551_599187375.jpg,already_exists
330432469,falco_peregrinus,Falco peregrinus,Peregrine Falcon,599184319,https://inaturalist-open-data.s3.amazonaws.com/photos/599184319/medium.jpg,cc-by-nc,2025-11-25,-20.5282216667,129.9447633333,research,3,iNaturalist,C:\Projects\raptor_australia\dataset\raw\falco_peregrinus\falco_peregrinus_330432469_599184319.jpg,already_exists
330432448,falco_peregrinus,Falco peregrinus,Peregrine Falcon,599184260,https://inaturalist-open-data.s3.amazonaws.com/photos/599184260/medium.jpg,cc-by-nc,2025-11-25,-20.528345,129.9447466667,research,4,iNaturalist,C:\Projects\raptor_australia\dataset\raw\falco_peregrinus\falco_peregrinus_330432448_599184260.jpg,already_exists
330344499,falco_peregrinus,Falco peregrinus,Peregrine Falcon,599004085,https://inaturalist-open-data.s3.amazonaws.com/photos/599004085/medium.jpg,cc-by-nc,2025-12-10,-32.3820270864,115.7717077089,research,2,iNaturalist,C:\Projects\raptor_australia\dataset\raw\falco_peregrinus\falco_peregrinus_330344499_599004085.jpg,already_exists
330327982,falco_peregrinus,Falco peregrinus,Peregrine Falcon,598967662,https://inaturalist-open-data.s3.amazonaws.com/photos/598967662/medium.jpg,cc-by-nc,2025-12-07,-34.2788320346,148.8134906733,research,4,iNaturalist,C:\Projects\raptor_australia\dataset\raw\falco_peregrinus\falco_peregrinus_330327982_598967662.jpg,already_exists
330327974,falco_peregrinus,Falco peregrinus,Peregrine Falcon,598967641,https://inaturalist-open-data.s3.amazonaws.com/photos/598967641/medium.jpg,cc-by-nc,2025-12-06,-34.2788690848,148.8135436543,research,3,iNaturalist,C:\Projects\raptor_australia\dataset\raw\falco_peregrinus\falco_peregrinus_330327974_598967641.jpg,already_exists
330327973,falco_peregrinus,Falco peregrinus,Peregrine Falcon,598967636,https://inaturalist-open-data.s3.amazonaws.com/photos/598967636/medium.jpg,cc-by-nc,2025-12-06,-34.2788877043,148.8135449955,research,3,iNaturalist,C:\Projects\raptor_australia\dataset\raw\falco_peregrinus\falco_peregrinus_330327973_598967636.jpg,already_exists
330195701,falco_peregrinus,Falco peregrinus,Peregrine Falcon,598704782,https://inaturalist-open-data.s3.amazonaws.com/photos/598704782/medium.jpg,cc-by-nc,2025-12-10,-28.2228770688,153.2067330377,research,2,iNaturalist,C:\Projects\raptor_australia\dataset\raw\falco_peregrinus\falco_peregrinus_330195701_598704782.jpg,already_exists
330055570,falco_peregrinus,Falco peregrinus,Peregrine Falcon,598414509,https://static.inaturalist.org/photos/598414509/medium.jpg,,2025-12-09,-37.8174530355,144.9634026736,research,2,iNaturalist,C:\Projects\raptor_australia\dataset\raw\falco_peregrinus\falco_peregrinus_330055570_598414509.jpg,already_exists
329964789,falco_peregrinus,Falco peregrinus,Peregrine Falcon,598230215,https://inaturalist-open-data.s3.amazonaws.com/photos/598230215/medium.jpg,cc-by-nc,2025-11-08,-33.2533804692,148.9379880561,research,3,iNaturalist,C:\Projects\raptor_australia\dataset\raw\falco_peregrinus\falco_peregrinus_329964789_598230215.jpg,already_exists
329923357,falco_peregrinus,Falco peregrinus,Peregrine Falcon,598147331,https://inaturalist-open-data.s3.amazonaws.com/photos/598147331/medium.jpg,cc-by-nc,2025-10-21,-37.7749361111,145.5924722222,research,3,iNaturalist,C:\Projects\raptor_australia\dataset\raw\falco_peregrinus\falco_peregrinus_329923357_598147331.jpg,already_exists
329527625,falco_peregrinus,Falco peregrinus,Peregrine Falcon,597496757,https://inaturalist-open-data.s3.amazonaws.com/photos/597496757/medium.jpg,cc-by-nc,2025-12-05,-26.8058605194,153.1351928711,research,4,iNaturalist,C:\Projects\raptor_australia\dataset\raw\falco_peregrinus\falco_peregrinus_329527625_597496757.jpg,already_exists
329422669,falco_peregrinus,Falco peregrinus,Peregrine Falcon,597136550,https://inaturalist-open-data.s3.amazonaws.com/photos/597136550/medium.jpg,cc-by-nc,2025-12-04,-36.4962030366,140.268016713,research,3,iNaturalist,C:\Projects\raptor_australia\dataset\raw\falco_peregrinus\falco_peregrinus_329422669_597136550.jpg,already_exists
329405027,falco_peregrinus,Falco peregrinus,Peregrine Falcon,597098995,https://inaturalist-open-data.s3.amazonaws.com/photos/597098995/medium.jpg,cc-by-nc,2025-12-03,-35.12842983,150.7639277726,research,3,iNaturalist,C:\Projects\raptor_australia\dataset\raw\falco_peregrinus\falco_peregrinus_329405027_597098995.jpg,already_exists
329260210,falco_peregrinus,Falco peregrinus,Peregrine Falcon,596803288,https://inaturalist-open-data.s3.amazonaws.com/photos/596803288/medium.jpg,cc-by-nc,2025-12-03,-37.7345196403,145.0249155717,research,4,iNaturalist,C:\Projects\raptor_australia\dataset\raw\falco_peregrinus\falco_peregrinus_329260210_596803288.jpg,already_exists
329186333,falco_peregrinus,Falco peregrinus,Peregrine Falcon,596658331,https://inaturalist-open-data.s3.amazonaws.com/photos/596658331/medium.jpg,cc-by-nc,2025-12-02,-31.664554446,152.9732051531,research,3,iNaturalist,C:\Projects\raptor_australia\dataset\raw\falco_peregrinus\falco_peregrinus_329186333_596658331.jpg,already_exists
329182028,falco_peregrinus,Falco peregrinus,Peregrine Falcon,596649754,https://inaturalist-open-data.s3.amazonaws.com/photos/596649754/medium.jpg,cc-by-nc,2025-11-29,-31.8175890556,116.2221778433,research,3,iNaturalist,C:\Projects\raptor_australia\dataset\raw\falco_peregrinus\falco_peregrinus_329182028_596649754.jpg,already_exists
328983135,falco_peregrinus,Falco peregrinus,Peregrine Falcon,596251765,https://inaturalist-open-data.s3.amazonaws.com/photos/596251765/medium.jpg,cc-by-nc,2004-11-27,-34.4011680519,150.8416388786,research,2,iNaturalist,C:\Projects\raptor_australia\dataset\raw\falco_peregrinus\falco_peregrinus_328983135_596251765.jpg,already_exists
328904685,falco_peregrinus,Falco peregrinus,Peregrine Falcon,596097734,https://inaturalist-open-data.s3.amazonaws.com/photos/596097734/medium.jpg,cc-by-nc,2025-11-29,-38.5398925917,145.2239319189,research,3,iNaturalist,C:\Projects\raptor_australia\dataset\raw\falco_peregrinus\falco_peregrinus_328904685_596097734.jpg,already_exists
328456263,falco_peregrinus,Falco peregrinus,Peregrine Falcon,595187913,https://static.inaturalist.org/photos/595187913/medium.jpg,,2025-11-27,-31.8371554497,115.857531966,research,5,iNaturalist,C:\Projects\raptor_australia\dataset\raw\falco_peregrinus\falco_peregrinus_328456263_595187913.jpg,already_exists
328339851,falco_peregrinus,Falco peregrinus,Peregrine Falcon,594952263,https://inaturalist-open-data.s3.amazonaws.com/photos/594952263/medium.jpg,cc-by-nc,2025-11-26,-43.1973977617,147.3870549783,research,4,iNaturalist,C:\Projects\raptor_australia\dataset\raw\falco_peregrinus\falco_peregrinus_328339851_594952263.jpg,already_exists
328320037,falco_peregrinus,Falco peregrinus,Peregrine Falcon,594915252,https://inaturalist-open-data.s3.amazonaws.com/photos/594915252/medium.jpg,cc-by-nc,2025-11-25,-37.7396319444,144.8740817038,research,4,iNaturalist,C:\Projects\raptor_australia\dataset\raw\falco_peregrinus\falco_peregrinus_328320037_594915252.jpg,already_exists
328320036,falco_peregrinus,Falco peregrinus,Peregrine Falcon,594915161,https://inaturalist-open-data.s3.amazonaws.com/photos/594915161/medium.jpg,cc-by-nc,2025-11-25,-37.7389944262,144.8741504404,research,4,iNaturalist,C:\Projects\raptor_australia\dataset\raw\falco_peregrinus\falco_peregrinus_328320036_594915161.jpg,already_exists
328320035,falco_peregrinus,Falco peregrinus,Peregrine Falcon,594914978,https://inaturalist-open-data.s3.amazonaws.com/photos/594914978/medium.jpg,cc-by-nc,2025-11-25,-37.7382776697,144.8736642871,research,3,iNaturalist,C:\Projects\raptor_australia\dataset\raw\falco_peregrinus\falco_peregrinus_328320035_594914978.jpg,already_exists
328320034,falco_peregrinus,Falco peregrinus,Peregrine Falcon,594914991,https://inaturalist-open-data.s3.amazonaws.com/photos/594914991/medium.jpg,cc-by-nc,2025-11-25,-37.7378873357,144.8738345469,research,4,iNaturalist,C:\Projects\raptor_australia\dataset\raw\falco_peregrinus\falco_peregrinus_328320034_594914991.jpg,already_exists
328320033,falco_peregrinus,Falco peregrinus,Peregrine Falcon,594914756,https://inaturalist-open-data.s3.amazonaws.com/photos/594914756/medium.jpg,cc-by-nc,2025-11-25,-37.7374189945,144.8738507597,research,4,iNaturalist,C:\Projects\raptor_australia\dataset\raw\falco_peregrinus\falco_peregrinus_328320033_594914756.jpg,already_exists
328182144,falco_peregrinus,Falco peregrinus,Peregrine Falcon,594640803,https://inaturalist-open-data.s3.amazonaws.com/photos/594640803/medium.jpg,cc-by-nc,2019-10-07,-33.2815802,149.0862242,research,2,iNaturalist,C:\Projects\raptor_australia\dataset\raw\falco_peregrinus\falco_peregrinus_328182144_594640803.jpg,already_exists
328154301,falco_peregrinus,Falco peregrinus,Peregrine Falcon,594583024,https://inaturalist-open-data.s3.amazonaws.com/photos/594583024/medium.jpg,cc-by-nc,2007-12-01,-33.4025122551,150.6880162358,research,4,iNaturalist,C:\Projects\raptor_australia\dataset\raw\falco_peregrinus\falco_peregrinus_328154301_594583024.jpg,already_exists
328042447,falco_peregrinus,Falco peregrinus,Peregrine Falcon,594359954,https://inaturalist-open-data.s3.amazonaws.com/photos/594359954/medium.jpg,cc-by-nc,2025-11-22,-34.036392346,151.2227951743,research,3,iNaturalist,C:\Projects\raptor_australia\dataset\raw\falco_peregrinus\falco_peregrinus_328042447_594359954.jpg,already_exists
328018380,falco_peregrinus,Falco peregrinus,Peregrine Falcon,594309876,https://inaturalist-open-data.s3.amazonaws.com/photos/594309876/medium.jpg,cc-by-nc,2024-08-14,-19.2578087678,146.804427649,research,3,iNaturalist,C:\Projects\raptor_australia\dataset\raw\falco_peregrinus\falco_peregrinus_328018380_594309876.jpg,already_exists
328006204,falco_peregrinus,Falco peregrinus,Peregrine Falcon,594287719,https://inaturalist-open-data.s3.amazonaws.com/photos/594287719/medium.jpg,cc-by-nc,2017-02-24,-33.2541739491,148.9380402406,research,2,iNaturalist,C:\Projects\raptor_australia\dataset\raw\falco_peregrinus\falco_peregrinus_328006204_594287719.jpg,already_exists
327981278,falco_peregrinus,Falco peregrinus,Peregrine Falcon,594242947,https://static.inaturalist.org/photos/594242947/medium.jpg,,2025-11-21,-26.7482050057,153.1144098938,research,3,iNaturalist,C:\Projects\raptor_australia\dataset\raw\falco_peregrinus\falco_peregrinus_327981278_594242947.jpg,already_exists
327830683,falco_peregrinus,Falco peregrinus,Peregrine Falcon,593973181,https://inaturalist-open-data.s3.amazonaws.com/photos/593973181/medium.jpg,cc-by-nc,2025-11-03,-37.8231788477,140.8267080483,research,3,iNaturalist,C:\Projects\raptor_australia\dataset\raw\falco_peregrinus\falco_peregrinus_327830683_593973181.jpg,already_exists
327825085,falco_peregrinus,Falco peregrinus,Peregrine Falcon,594348955,https://inaturalist-open-data.s3.amazonaws.com/photos/594348955/medium.jpg,cc-by-nc,2025-11-22,-34.0361746378,151.2229904057,research,3,iNaturalist,C:\Projects\raptor_australia\dataset\raw\falco_peregrinus\falco_peregrinus_327825085_594348955.jpg,already_exists
327817098,falco_peregrinus,Falco peregrinus,Peregrine Falcon,593946839,https://static.inaturalist.org/photos/593946839/medium.jpg,,2025-11-17,-34.7012086582,143.1560879816,research,3,iNaturalist,C:\Projects\raptor_australia\dataset\raw\falco_peregrinus\falco_peregrinus_327817098_593946839.jpg,already_exists
327658251,falco_peregrinus,Falco peregrinus,Peregrine Falcon,593647649,https://inaturalist-open-data.s3.amazonaws.com/photos/593647649/medium.jpg,cc-by-nc,2025-11-22,-34.035156739,151.2221912798,research,3,iNaturalist,C:\Projects\raptor_australia\dataset\raw\falco_peregrinus\falco_peregrinus_327658251_593647649.jpg,already_exists
327656970,falco_peregrinus,Falco peregrinus,Peregrine Falcon,593644758,https://inaturalist-open-data.s3.amazonaws.com/photos/593644758/medium.jpg,cc-by-nc,2025-11-22,-34.036012009,151.2250582911,research,3,iNaturalist,C:\Projects\raptor_australia\dataset\raw\falco_peregrinus\falco_peregrinus_327656970_593644758.jpg,already_exists
327649818,falco_peregrinus,Falco peregrinus,Peregrine Falcon,593630440,https://inaturalist-open-data.s3.amazonaws.com/photos/593630440/medium.jpg,cc-by-nc,2025-11-22,-34.0364915441,151.2227261623,research,4,iNaturalist,C:\Projects\raptor_australia\dataset\raw\falco_peregrinus\falco_peregrinus_327649818_593630440.jpg,already_exists
327648408,falco_peregrinus,Falco peregrinus,Peregrine Falcon,593627733,https://inaturalist-open-data.s3.amazonaws.com/photos/593627733/medium.jpg,cc-by-nc,2025-11-22,-34.0360256235,151.2255241721,research,3,iNaturalist,C:\Projects\raptor_australia\dataset\raw\falco_peregrinus\falco_peregrinus_327648408_593627733.jpg,already_exists
327646484,falco_peregrinus,Falco peregrinus,Peregrine Falcon,593624109,https://inaturalist-open-data.s3.amazonaws.com/photos/593624109/medium.jpg,cc-by-nc,2025-11-22,-34.0350237514,151.2247708563,research,4,iNaturalist,C:\Projects\raptor_australia\dataset\raw\falco_peregrinus\falco_peregrinus_327646484_593624109.jpg,already_exists
327644764,falco_peregrinus,Falco peregrinus,Peregrine Falcon,593621011,https://inaturalist-open-data.s3.amazonaws.com/photos/593621011/medium.jpg,cc-by-nc,2025-11-22,-34.0317156483,151.2266979222,research,4,iNaturalist,C:\Projects\raptor_australia\dataset\raw\falco_peregrinus\falco_peregrinus_327644764_593621011.jpg,already_exists
327644623,falco_peregrinus,Falco peregrinus,Peregrine Falcon,593620798,https://inaturalist-open-data.s3.amazonaws.com/photos/593620798/medium.jpg,cc-by-nc,2025-11-22,-34.0363468214,151.222817587,research,4,iNaturalist,C:\Projects\raptor_australia\dataset\raw\falco_peregrinus\falco_peregrinus_327644623_593620798.jpg,already_exists
327641741,falco_peregrinus,Falco peregrinus,Peregrine Falcon,593614938,https://inaturalist-open-data.s3.amazonaws.com/photos/593614938/medium.jpg,cc-by-nc,2025-11-22,-34.03135285,151.2262490735,research,3,iNaturalist,C:\Projects\raptor_australia\dataset\raw\falco_peregrinus\falco_peregrinus_327641741_593614938.jpg,already_exists
327640433,falco_peregrinus,Falco peregrinus,Peregrine Falcon,593612020,https://inaturalist-open-data.s3.amazonaws.com/photos/593612020/medium.jpg,cc-by-nc,2025-11-22,-34.0312759119,151.2268423265,research,3,iNaturalist,C:\Projects\raptor_australia\dataset\raw\falco_peregrinus\falco_peregrinus_327640433_593612020.jpg,already_exists
327627550,falco_peregrinus,Falco peregrinus,Peregrine Falcon,593585631,https://inaturalist-open-data.s3.amazonaws.com/photos/593585631/medium.jpg,cc-by-nc,2025-11-22,-37.2701849722,144.307692,research,3,iNaturalist,C:\Projects\raptor_australia\dataset\raw\falco_peregrinus\falco_peregrinus_327627550_593585631.jpg,already_exists
327610703,falco_peregrinus,Falco peregrinus,Peregrine Falcon,593551134,https://inaturalist-open-data.s3.amazonaws.com/photos/593551134/medium.jpg,cc-by-nc,2025-11-22,-28.5499378665,153.3502806723,research,2,iNaturalist,C:\Projects\raptor_australia\dataset\raw\falco_peregrinus\falco_peregrinus_327610703_593551134.jpg,already_exists
327480517,falco_peregrinus,Falco peregrinus,Peregrine Falcon,593299489,https://inaturalist-open-data.s3.amazonaws.com/photos/593299489/medium.jpg,cc-by-nc,2025-11-18,-38.3327557042,145.1982077579,research,3,iNaturalist,C:\Projects\raptor_australia\dataset\raw\falco_peregrinus\falco_peregrinus_327480517_593299489.jpg,already_exists
327329671,falco_peregrinus,Falco peregrinus,Peregrine Falcon,592993163,https://inaturalist-open-data.s3.amazonaws.com/photos/592993163/medium.jpg,cc-by-nc,2025-10-21,-35.1098097162,146.7819934725,research,2,iNaturalist,C:\Projects\raptor_australia\dataset\raw\falco_peregrinus\falco_peregrinus_327329671_592993163.jpg,already_exists
327050294,falco_peregrinus,Falco peregrinus,Peregrine Falcon,592438710,https://inaturalist-open-data.s3.amazonaws.com/photos/592438710/medium.jpg,cc-by-nc,2025-11-18,-26.6584416667,153.0910028333,research,2,iNaturalist,C:\Projects\raptor_australia\dataset\raw\falco_peregrinus\falco_peregrinus_327050294_592438710.jpg,already_exists
326957034,falco_peregrinus,Falco peregrinus,Peregrine Falcon,592253427,https://inaturalist-open-data.s3.amazonaws.com/photos/592253427/medium.jpg,cc-by-nc,2025-10-12,-31.9129051096,115.961895274,research,4,iNaturalist,C:\Projects\raptor_australia\dataset\raw\falco_peregrinus\falco_peregrinus_326957034_592253427.jpg,already_exists
326935189,falco_peregrinus,Falco peregrinus,Peregrine Falcon,592211212,https://inaturalist-open-data.s3.amazonaws.com/photos/592211212/medium.jpg,cc-by-nc,2025-11-17,-33.7411964295,151.3156530658,research,5,iNaturalist,C:\Projects\raptor_australia\dataset\raw\falco_peregrinus\falco_peregrinus_326935189_592211212.jpg,already_exists
326733255,falco_peregrinus,Falco peregrinus,Peregrine Falcon,591807070,https://inaturalist-open-data.s3.amazonaws.com/photos/591807070/medium.jpg,cc-by,2025-11-15,-27.2309204894,153.1165093187,research,3,iNaturalist,C:\Projects\raptor_australia\dataset\raw\falco_peregrinus\falco_peregrinus_326733255_591807070.jpg,already_exists
326435921,falco_peregrinus,Falco peregrinus,Peregrine Falcon,591213265,https://static.inaturalist.org/photos/591213265/medium.jpg,,2025-11-14,-33.7495255,151.2723681,research,3,iNaturalist,C:\Projects\raptor_australia\dataset\raw\falco_peregrinus\falco_peregrinus_326435921_591213265.jpg,already_exists
326431680,falco_peregrinus,Falco peregrinus,Peregrine Falcon,591205702,https://inaturalist-open-data.s3.amazonaws.com/photos/591205702/medium.jpg,cc-by-nc,2025-11-14,-37.3998641944,141.6839599444,research,2,iNaturalist,C:\Projects\raptor_australia\dataset\raw\falco_peregrinus\falco_peregrinus_326431680_591205702.jpg,already_exists
326405192,falco_peregrinus,Falco peregrinus,Peregrine Falcon,591150467,https://inaturalist-open-data.s3.amazonaws.com/photos/591150467/medium.jpg,cc-by-nc,2025-11-08,-33.2520396937,148.9370919764,research,3,iNaturalist,C:\Projects\raptor_australia\dataset\raw\falco_peregrinus\falco_peregrinus_326405192_591150467.jpg,already_exists
326339651,falco_peregrinus,Falco peregrinus,Peregrine Falcon,591019146,https://inaturalist-open-data.s3.amazonaws.com/photos/591019146/medium.jpg,cc-by-nc,2024-07-30,-33.9109556139,150.8916786531,research,3,iNaturalist,C:\Projects\raptor_australia\dataset\raw\falco_peregrinus\falco_peregrinus_326339651_591019146.jpg,already_exists
326132328,falco_peregrinus,Falco peregrinus,Peregrine Falcon,590611121,https://static.inaturalist.org/photos/590611121/medium.jpg,,2025-10-03,-35.090018,150.801797,research,2,iNaturalist,C:\Projects\raptor_australia\dataset\raw\falco_peregrinus\falco_peregrinus_326132328_590611121.jpg,already_exists
325928127,falco_peregrinus,Falco peregrinus,Peregrine Falcon,590202590,https://inaturalist-open-data.s3.amazonaws.com/photos/590202590/medium.jpg,cc-by-nc,2025-11-08,-35.9946095605,144.303885386,research,5,iNaturalist,C:\Projects\raptor_australia\dataset\raw\falco_peregrinus\falco_peregrinus_325928127_590202590.jpg,already_exists
325663281,falco_peregrinus,Falco peregrinus,Peregrine Falcon,589674971,https://inaturalist-open-data.s3.amazonaws.com/photos/589674971/medium.jpg,cc-by-nc,2025-11-09,-33.9661703996,151.2657388303,research,4,iNaturalist,C:\Projects\raptor_australia\dataset\raw\falco_peregrinus\falco_peregrinus_325663281_589674971.jpg,already_exists
325663007,falco_peregrinus,Falco peregrinus,Peregrine Falcon,589674389,https://inaturalist-open-data.s3.amazonaws.com/photos/589674389/medium.jpg,cc-by-nc,2025-11-09,-33.9661103119,151.265727964,research,3,iNaturalist,C:\Projects\raptor_australia\dataset\raw\falco_peregrinus\falco_peregrinus_325663007_589674389.jpg,already_exists
325644261,falco_peregrinus,Falco peregrinus,Peregrine Falcon,589635570,https://inaturalist-open-data.s3.amazonaws.com/photos/589635570/medium.jpg,cc-by-nc,2025-11-09,-35.1797846298,147.2053651016,research,3,iNaturalist,C:\Projects\raptor_australia\dataset\raw\falco_peregrinus\falco_peregrinus_325644261_589635570.jpg,already_exists
325625488,falco_peregrinus,Falco peregrinus,Peregrine Falcon,589598000,https://inaturalist-open-data.s3.amazonaws.com/photos/589598000/medium.jpg,cc-by-nc,2025-11-09,-33.9661873564,151.2657153787,research,3,iNaturalist,C:\Projects\raptor_australia\dataset\raw\falco_peregrinus\falco_peregrinus_325625488_589598000.jpg,already_exists
325604031,falco_peregrinus,Falco peregrinus,Peregrine Falcon,589548812,https://inaturalist-open-data.s3.amazonaws.com/photos/589548812/medium.jpg,cc-by,2025-09-06,-38.0133165839,144.5789632009,research,4,iNaturalist,C:\Projects\raptor_australia\dataset\raw\falco_peregrinus\falco_peregrinus_325604031_589548812.jpg,already_exists
325578701,falco_peregrinus,Falco peregrinus,Peregrine Falcon,589502585,https://inaturalist-open-data.s3.amazonaws.com/photos/589502585/medium.jpg,cc-by-nc,2025-11-09,-42.9759,147.3244,research,5,iNaturalist,C:\Projects\raptor_australia\dataset\raw\falco_peregrinus\falco_peregrinus_325578701_589502585.jpg,already_exists
325327827,falco_peregrinus,Falco peregrinus,Peregrine Falcon,589005633,https://inaturalist-open-data.s3.amazonaws.com/photos/589005633/medium.jpg,cc-by-nc,2025-11-07,-33.6736519581,151.3196875155,research,2,iNaturalist,C:\Projects\raptor_australia\dataset\raw\falco_peregrinus\falco_peregrinus_325327827_589005633.jpg,already_exists
325319885,falco_peregrinus,Falco peregrinus,Peregrine Falcon,588988984,https://inaturalist-open-data.s3.amazonaws.com/photos/588988984/medium.jpg,cc-by-nc,2025-11-07,-33.6787061306,150.6501789995,research,3,iNaturalist,C:\Projects\raptor_australia\dataset\raw\falco_peregrinus\falco_peregrinus_325319885_588988984.jpg,already_exists
325307784,falco_peregrinus,Falco peregrinus,Peregrine Falcon,588965951,https://inaturalist-open-data.s3.amazonaws.com/photos/588965951/medium.jpg,cc-by-nc,2025-11-07,-36.4885866667,145.7322383333,research,5,iNaturalist,C:\Projects\raptor_australia\dataset\raw\falco_peregrinus\falco_peregrinus_325307784_588965951.jpg,already_exists
325173044,falco_peregrinus,Falco peregrinus,Peregrine Falcon,588698086,https://inaturalist-open-data.s3.amazonaws.com/photos/588698086/medium.jpg,cc0,2025-02-13,-31.8371558914,115.6340665525,research,3,iNaturalist,C:\Projects\raptor_australia\dataset\raw\falco_peregrinus\falco_peregrinus_325173044_588698086.jpg,already_exists
325150561,falco_peregrinus,Falco peregrinus,Peregrine Falcon,590220011,https://inaturalist-open-data.s3.amazonaws.com/photos/590220011/medium.jpg,cc-by-nc,2025-11-06,-38.20763,145.1084888333,research,3,iNaturalist,C:\Projects\raptor_australia\dataset\raw\falco_peregrinus\falco_peregrinus_325150561_590220011.jpg,already_exists
325117096,falco_peregrinus,Falco peregrinus,Peregrine Falcon,588586997,https://inaturalist-open-data.s3.amazonaws.com/photos/588586997/medium.jpg,cc-by-nc,2020-04-28,-35.257202,148.973602,research,2,iNaturalist,C:\Projects\raptor_australia\dataset\raw\falco_peregrinus\falco_peregrinus_325117096_588586997.jpg,already_exists
325086085,falco_peregrinus,Falco peregrinus,Peregrine Falcon,588525076,https://inaturalist-open-data.s3.amazonaws.com/photos/588525076/medium.jpg,cc-by-nc,2025-11-05,-38.2071941617,145.4873906348,research,3,iNaturalist,,failed: Muy pequeña: 246x206px
324668325,falco_peregrinus,Falco peregrinus,Peregrine Falcon,587686068,https://inaturalist-open-data.s3.amazonaws.com/photos/587686068/medium.jpg,cc-by-nc,2025-11-03,-27.3825681,153.0058378,research,2,iNaturalist,C:\Projects\raptor_australia\dataset\raw\falco_peregrinus\falco_peregrinus_324668325_587686068.jpg,already_exists
324667075,falco_peregrinus,Falco peregrinus,Peregrine Falcon,587683528,https://inaturalist-open-data.s3.amazonaws.com/photos/587683528/medium.jpg,cc-by-nc,2025-11-03,-27.3803959708,153.0058914147,research,3,iNaturalist,C:\Projects\raptor_australia\dataset\raw\falco_peregrinus\falco_peregrinus_324667075_587683528.jpg,already_exists
324292795,falco_peregrinus,Falco peregrinus,Peregrine Falcon,586927823,https://static.inaturalist.org/photos/586927823/medium.jpg,,2025-05-08,-19.2098337807,146.7379056331,research,3,iNaturalist,C:\Projects\raptor_australia\dataset\raw\falco_peregrinus\falco_peregrinus_324292795_586927823.jpg,already_exists
324287885,falco_peregrinus,Falco peregrinus,Peregrine Falcon,587226393,https://inaturalist-open-data.s3.amazonaws.com/photos/587226393/medium.jpg,cc-by-nc,2025-11-01,-37.2602382923,142.0950746981,research,3,iNaturalist,C:\Projects\raptor_australia\dataset\raw\falco_peregrinus\falco_peregrinus_324287885_587226393.jpg,already_exists
324237632,falco_peregrinus,Falco peregrinus,Peregrine Falcon,586820241,https://static.inaturalist.org/photos/586820241/medium.jpg,,2025-10-31,-37.8164483324,144.9626821358,research,4,iNaturalist,C:\Projects\raptor_australia\dataset\raw\falco_peregrinus\falco_peregrinus_324237632_586820241.jpg,already_exists
324085830,falco_peregrinus,Falco peregrinus,Peregrine Falcon,586519582,https://inaturalist-open-data.s3.amazonaws.com/photos/586519582/medium.jpg,cc-by-nc,2025-10-26,-38.290597636,144.5016114414,research,4,iNaturalist,C:\Projects\raptor_australia\dataset\raw\falco_peregrinus\falco_peregrinus_324085830_586519582.jpg,already_exists
324072935,falco_peregrinus,Falco peregrinus,Peregrine Falcon,586493918,https://inaturalist-open-data.s3.amazonaws.com/photos/586493918/medium.jpg,cc-by-nc,2025-10-18,-34.8155133964,139.0696913635,research,3,iNaturalist,C:\Projects\raptor_australia\dataset\raw\falco_peregrinus\falco_peregrinus_324072935_586493918.jpg,already_exists
323966383,falco_peregrinus,Falco peregrinus,Peregrine Falcon,586279451,https://inaturalist-open-data.s3.amazonaws.com/photos/586279451/medium.jpg,cc-by,2025-10-30,-28.8686333333,153.5555444444,research,2,iNaturalist,C:\Projects\raptor_australia\dataset\raw\falco_peregrinus\falco_peregrinus_323966383_586279451.jpg,already_exists
323792847,falco_peregrinus,Falco peregrinus,Peregrine Falcon,585943726,https://inaturalist-open-data.s3.amazonaws.com/photos/585943726/medium.jpg,cc-by-nc,2025-10-25,-35.967067061,145.9443291418,research,2,iNaturalist,C:\Projects\raptor_australia\dataset\raw\falco_peregrinus\falco_peregrinus_323792847_585943726.jpg,already_exists
323783028,falco_peregrinus,Falco peregrinus,Peregrine Falcon,585924358,https://inaturalist-open-data.s3.amazonaws.com/photos/585924358/medium.jpg,cc-by-nc,2020-12-15,-37.7266798,143.6226215,research,4,iNaturalist,C:\Projects\raptor_australia\dataset\raw\falco_peregrinus\falco_peregrinus_323783028_585924358.jpg,already_exists
323628118,falco_peregrinus,Falco peregrinus,Peregrine Falcon,585617189,https://inaturalist-open-data.s3.amazonaws.com/photos/585617189/medium.jpg,cc-by-nc,2025-10-28,-34.9636947054,138.5198326472,research,2,iNaturalist,C:\Projects\raptor_australia\dataset\raw\falco_peregrinus\falco_peregrinus_323628118_585617189.jpg,already_exists
323606526,falco_peregrinus,Falco peregrinus,Peregrine Falcon,585572323,https://inaturalist-open-data.s3.amazonaws.com/photos/585572323/medium.jpg,cc-by,2025-10-28,-28.858606601,153.5602195249,research,3,iNaturalist,C:\Projects\raptor_australia\dataset\raw\falco_peregrinus\falco_peregrinus_323606526_585572323.jpg,already_exists
323558806,falco_peregrinus,Falco peregrinus,Peregrine Falcon,585477203,https://inaturalist-open-data.s3.amazonaws.com/photos/585477203/medium.jpg,cc-by-nc,2025-10-26,-38.2891960809,144.4971204177,research,3,iNaturalist,C:\Projects\raptor_australia\dataset\raw\falco_peregrinus\falco_peregrinus_323558806_585477203.jpg,already_exists
323413996,falco_peregrinus,Falco peregrinus,Peregrine Falcon,585190785,https://inaturalist-open-data.s3.amazonaws.com/photos/585190785/medium.jpg,cc-by-nc,2025-10-27,-34.9373474601,139.2529418534,research,3,iNaturalist,C:\Projects\raptor_australia\dataset\raw\falco_peregrinus\falco_peregrinus_323413996_585190785.jpg,already_exists
323401245,falco_peregrinus,Falco peregrinus,Peregrine Falcon,585165314,https://inaturalist-open-data.s3.amazonaws.com/photos/585165314/medium.jpg,cc-by-nc,2025-10-24,-29.4717680191,153.1793383788,research,4,iNaturalist,C:\Projects\raptor_australia\dataset\raw\falco_peregrinus\falco_peregrinus_323401245_585165314.jpg,already_exists
323157715,falco_peregrinus,Falco peregrinus,Peregrine Falcon,584718055,https://inaturalist-open-data.s3.amazonaws.com/photos/584718055/medium.jpg,cc-by-nc,2025-10-26,-33.8644220153,151.2050604865,research,2,iNaturalist,C:\Projects\raptor_australia\dataset\raw\falco_peregrinus\falco_peregrinus_323157715_584718055.jpg,already_exists
322935886,falco_peregrinus,Falco peregrinus,Peregrine Falcon,584282464,https://inaturalist-open-data.s3.amazonaws.com/photos/584282464/medium.jpg,cc-by-nc,2025-10-25,-32.4161989492,137.9693717331,research,2,iNaturalist,C:\Projects\raptor_australia\dataset\raw\falco_peregrinus\falco_peregrinus_322935886_584282464.jpg,already_exists
322560291,falco_peregrinus,Falco peregrinus,Peregrine Falcon,583544890,https://inaturalist-open-data.s3.amazonaws.com/photos/583544890/medium.jpg,cc-by-nc,2025-10-21,-33.7568957607,151.2995407053,research,2,iNaturalist,C:\Projects\raptor_australia\dataset\raw\falco_peregrinus\falco_peregrinus_322560291_583544890.jpg,already_exists
322545906,falco_peregrinus,Falco peregrinus,Peregrine Falcon,583514891,https://inaturalist-open-data.s3.amazonaws.com/photos/583514891/medium.jpg,cc-by-nc,2025-10-23,-27.5958575415,152.9166286141,research,3,iNaturalist,C:\Projects\raptor_australia\dataset\raw\falco_peregrinus\falco_peregrinus_322545906_583514891.jpg,already_exists
