species_key,filename,keep,reason
aquila_audax,ala_00d3736d-999b-4107-80b8-9eaa2b2e483f.jpg,1,ok:bbox_area=0.10
aquila_audax,ala_02c0b2dd-b4aa-4c50-a1d5-e06e33e130eb.jpg,1,ok:bbox_area=0.21
aquila_audax,ala_0a2b6a66-224d-40e4-b571-683498659b21.jpg,1,ok:bbox_area=0.60
aquila_audax,ala_0c585765-78c6-4ba8-9cbb-7977c0287289.jpg,1,ok:bbox_area=0.55
aquila_audax,ala_0dbc187d-5222-4310-b836-dbac2ee123f2.jpg,1,ok:bbox_area=0.10
aquila_audax,ala_11a1ff86-c08b-41bb-a300-2a0fe5d3f5e6.jpg,1,ok:bbox_area=0.23
aquila_audax,ala_172c7974-2aa9-464f-847a-321543ea3b00.jpg,1,ok:bbox_area=0.36
aquila_audax,ala_1b7e9f26-0fe9-4717-a04d-7c3bf2043a7c.jpg,1,ok:bbox_area=0.23
aquila_audax,ala_1ba04e2a-392d-4935-b09d-6facdef9f09b.jpg,1,ok:bbox_area=0.73
aquila_audax,ala_1c98b1d8-53a5-453a-8a54-25a72273e3f6.jpg,1,ok:bbox_area=0.45
aquila_audax,ala_22ad8cf5-9b14-4f8b-9681-2218e85e6ceb.jpg,1,ok:bbox_area=0.14
aquila_audax,ala_29240641-5c08-4f4d-996e-8f14367ae240.jpg,1,ok:bbox_area=0.20
aquila_audax,ala_2c4aa6d3-c927-45ec-9081-30928c519970.jpg,1,ok:bbox_area=0.10
aquila_audax,ala_303fb88d-6ca1-4751-866a-b5ff54db08aa.jpg,1,ok:bbox_area=0.18
aquila_audax,ala_336bb759-66e3-45ad-a301-747dd5e39b0c.jpg,1,ok:bbox_area=0.28
aquila_audax,ala_337f07ec-ea52-4c3b-b45d-cdb6d980fe31.jpg,1,ok:bbox_area=0.57
aquila_audax,ala_361edc73-4ff4-4a5d-8aea-1f86e5347867.jpg,1,ok:bbox_area=0.12
aquila_audax,ala_3ee04e40-c6ad-485c-a6cb-bb1484b3ef9c.jpg,1,ok:bbox_area=0.29
aquila_audax,ala_3f6bb426-1a78-43b9-8f8b-f41adfb1d3f4.jpg,1,ok:bbox_area=0.16
aquila_audax,ala_4367af6d-d76f-4c6d-a6ac-44222de015ac.jpg,1,ok:bbox_area=0.18
aquila_audax,ala_47967683-1f18-4074-beeb-8f6985975aa8.jpg,1,ok:bbox_area=0.17
aquila_audax,ala_4a09dbec-29e3-49fd-b900-6db77585632a.jpg,1,ok:bbox_area=0.23
aquila_audax,ala_4cfaf0da-cac3-4f0c-af01-09e90f3da58f.jpg,1,ok:bbox_area=0.12
aquila_audax,ala_57943360-4598-427b-96b0-9167ad2f1cb0.jpg,1,ok:bbox_area=0.16
aquila_audax,ala_58013cfa-6b08-4423-a883-da719a6ff2cd.jpg,1,ok:bbox_area=0.24
aquila_audax,ala_59a14f63-42a0-4057-8f2d-9f3e649d42b1.jpg,1,ok:bbox_area=0.26
aquila_audax,ala_5ae4195f-2f5d-4db0-827d-fb6381eb94a5.jpg,1,ok:bbox_area=0.32
aquila_audax,ala_5b341e90-137e-482b-a72a-b6c756da8e86.jpg,1,ok:bbox_area=0.71
aquila_audax,ala_5e0d223f-5762-4fa5-9855-e84aaefb154a.jpg,1,ok:bbox_area=0.64
aquila_audax,ala_5fc8665a-ff67-4c89-828a-f5b57a222d17.jpg,1,ok:bbox_area=0.17
aquila_audax,ala_669e4c87-428d-4a90-848d-f00ab54a4d05.jpg,1,ok:bbox_area=0.48
aquila_audax,ala_66f03e0f-ed51-4868-bb39-375b8d0dd0c0.jpg,1,ok:bbox_area=0.17
aquila_audax,ala_693bc5f6-544a-4ae3-bb70-5f6b1fd6169e.jpg,1,ok:bbox_area=0.45
aquila_audax,ala_6b3c0cf4-dfcd-4a46-9afc-86f537990cc6.jpg,1,ok:bbox_area=0.13
aquila_audax,ala_6f6b47b0-cf0b-4361-bf01-f165e024167d.jpg,1,ok:bbox_area=0.27
aquila_audax,ala_7ea86781-edae-4f18-9a91-43fbadc536bb.jpg,1,ok:bbox_area=0.40
aquila_audax,ala_7f597dd6-4037-47db-b2a8-4ecc706841b3.jpg,1,ok:bbox_area=0.28
aquila_audax,ala_801935e5-106a-4b1e-b262-45af461d249b.jpg,1,ok:bbox_area=0.16
aquila_audax,ala_84433ccc-9228-45da-b146-5efb3867d506.jpg,1,ok:bbox_area=0.37
aquila_audax,ala_857edf49-78ee-4c72-b468-bb5c6a26f231.jpg,1,ok:bbox_area=0.12
aquila_audax,ala_878d294a-e0ba-4280-8538-e8a57c3a964f.jpg,1,ok:bbox_area=0.23
aquila_audax,ala_87c27080-1914-473a-a2ba-a437c94b16ee.jpg,1,ok:bbox_area=0.18
aquila_audax,ala_8e04310d-a860-42d0-9254-981f66254467.jpg,1,ok:bbox_area=0.19
aquila_audax,ala_92008d8c-47c5-4531-ab06-1849775c52e3.jpg,1,ok:bbox_area=0.38
aquila_audax,ala_93250d25-228e-484e-a73a-9c9a4347c9bd.jpg,1,ok:bbox_area=0.14
aquila_audax,ala_96f355aa-fc40-401d-bac8-99f63b14faec.jpg,1,ok:bbox_area=0.17
aquila_audax,ala_9fb0eaf1-164e-4b11-9a98-d9d2ec12277c.jpg,1,ok:bbox_area=0.68
aquila_audax,ala_ac36eddc-a1c0-473e-af6c-d745908de65e.jpg,1,ok:bbox_area=0.14
aquila_audax,ala_aea556b5-4513-4148-9ee6-0a71fa5adb15.jpg,1,ok:bbox_area=0.24
aquila_audax,ala_b00921bb-09c0-4117-ac0d-39327ee0de53.jpg,1,ok:bbox_area=0.53
aquila_audax,ala_b6756655-4e1b-4f25-9935-ac53b4073f4f.jpg,1,ok:bbox_area=0.42
aquila_audax,ala_b89342dc-c15e-460a-845f-d68677cf95b7.jpg,1,ok:bbox_area=0.59
aquila_audax,ala_b9d56c32-1fc9-4ec1-acb2-3c62b26a7f4e.jpg,1,ok:bbox_area=0.13
aquila_audax,ala_bd633a37-581a-421f-a07b-83a9fa12ddd1.jpg,1,ok:bbox_area=0.41
aquila_audax,ala_bf0a5524-0198-4dcb-b1a2-99f05baae5ca.jpg,1,ok:bbox_area=0.46
aquila_audax,ala_c67a9b19-c487-4dad-a133-324534dc20f3.jpg,1,ok:bbox_area=0.11
aquila_audax,ala_d15d6d00-4bfc-4a0d-a80f-43c2478b7595.jpg,1,ok:bbox_area=0.15
aquila_audax,ala_d1718626-40cd-419c-93de-5a126a15d831.jpg,1,ok:bbox_area=0.33
aquila_audax,ala_d8e8a453-ca06-4769-99ca-ec3bc720e8dd.jpg,1,ok:bbox_area=0.43
aquila_audax,ala_dcb498a8-72ef-4957-828d-f3fba89a69cd.jpg,1,ok:bbox_area=0.13
aquila_audax,ala_e1a09cb8-8415-4f11-8e1f-92483f0fb8a7.jpg,1,ok:bbox_area=0.31
aquila_audax,ala_f2b0b8cf-efd6-45b5-89e7-746291a8d527.jpg,1,ok:bbox_area=0.22
aquila_audax,ala_f4162635-a709-4116-ae53-1954e052ee4e.jpg,1,ok:bbox_area=0.12
aquila_audax,ala_f41e55f6-d526-4d8c-b5f2-c2b2428ce7a1.jpg,1,ok:bbox_area=0.27
aquila_audax,ala_fee89404-93e4-48aa-8b64-fb4c653f0a1a.jpg,1,ok:bbox_area=0.68
aquila_audax,aquila_audax_348618300_635829325.jpg,1,ok:bbox_area=0.42
aquila_audax,aquila_audax_349786395_638125979.jpg,1,ok:bbox_area=0.10
circus_assimilis,ala_0784e46b-1e5f-45b3-89e2-c10b3452e7c5.jpg,1,ok:bbox_area=0.20
circus_assimilis,ala_08455d3c-f377-487b-87b8-340e06cd59ff.jpg,1,ok:bbox_area=0.40
circus_assimilis,ala_096af775-542e-4110-9200-14d1f3982f28.jpg,1,ok:bbox_area=0.29
circus_assimilis,ala_0bbcf98d-010e-45e8-9f03-835d024d51e2.jpg,1,ok:bbox_area=0.13
circus_assimilis,ala_14fa5c97-945e-4b10-9e81-a2b00021b741.jpg,1,ok:bbox_area=0.44
circus_assimilis,ala_15252ee2-1d21-4788-9726-071a1c7287ad.jpg,1,ok:bbox_area=0.10
circus_assimilis,ala_17aa8eb1-8396-42b9-a472-bf3666f6ea16.jpg,1,ok:bbox_area=0.36
circus_assimilis,ala_192ea4f3-16ea-49fe-a845-00b8f19ec26e.jpg,1,ok:bbox_area=0.45
circus_assimilis,ala_1981c87e-b155-4c82-a014-1a46cb461777.jpg,1,ok:bbox_area=0.15
circus_assimilis,ala_199eee26-aac9-4ac9-a33f-9dc305ccc403.jpg,1,ok:bbox_area=0.13
circus_assimilis,ala_2049ec6e-e8fb-49b9-ad95-16c92d3f28c6.jpg,1,ok:bbox_area=0.20
circus_assimilis,ala_2201d572-c65f-4df1-806b-7461faea7618.jpg,1,ok:bbox_area=0.46
circus_assimilis,ala_27becb24-5014-476f-a0c9-e3b4f29a2759.jpg,1,ok:bbox_area=0.33
circus_assimilis,ala_2eb4642d-3b0c-468c-a9f9-17d323626b96.jpg,1,ok:bbox_area=0.38
circus_assimilis,ala_2f0b8d9e-607b-48d6-a58b-f23f302608f9.jpg,1,ok:bbox_area=0.49
circus_assimilis,ala_31dcf57c-dd9d-4295-b832-99b3bbbdf06c.jpg,1,ok:bbox_area=0.16
circus_assimilis,ala_33278bb6-74cc-4309-a4f9-fcfea39f92dc.jpg,1,ok:bbox_area=0.20
circus_assimilis,ala_41a865e0-7f22-4610-a591-67fab9f95daa.jpg,1,ok:bbox_area=0.36
circus_assimilis,ala_43617262-11bc-433c-b3b3-69bf024a5bad.jpg,1,ok:bbox_area=0.14
circus_assimilis,ala_450f2270-dcc0-4dc5-9779-3d5d052844b2.jpg,1,ok:bbox_area=0.14
circus_assimilis,ala_46992cb4-faa9-4462-961a-96e6ef1db49a.jpg,1,ok:bbox_area=0.20
circus_assimilis,ala_46a1dca9-3d1f-48e5-881c-4585cae1f69d.jpg,1,ok:bbox_area=0.30
circus_assimilis,ala_50a14e92-b31b-4d03-b140-5b9b6b42f113.jpg,1,ok:bbox_area=0.19
circus_assimilis,ala_5134c4a9-997b-42c7-a440-5a22b6ce912c.jpg,1,ok:bbox_area=0.21
circus_assimilis,ala_52c48a71-d203-4861-b703-be04027f639f.jpg,1,ok:bbox_area=0.12
circus_assimilis,ala_535607d9-3b53-4e82-b025-4025a2d1a299.jpg,1,ok:bbox_area=0.14
circus_assimilis,ala_565e5348-0698-462a-aac4-a2c57389cf03.jpg,1,ok:bbox_area=0.16
circus_assimilis,ala_57069684-7eb9-41aa-aa4b-0c69de9282f4.jpg,1,ok:bbox_area=0.19
circus_assimilis,ala_59f4fa9f-7ce1-4fd2-a0bf-30f1992803c4.jpg,1,ok:bbox_area=0.12
circus_assimilis,ala_5c2da177-4df7-4f0c-aee2-8c64488c4907.jpg,1,ok:bbox_area=0.23
circus_assimilis,ala_5db9ded0-4975-4ca8-9c3d-3393bf81230a.jpg,1,ok:bbox_area=0.25
circus_assimilis,ala_5f8472d8-ff28-471f-9512-4fcacc9e2858.jpg,1,ok:bbox_area=0.20
circus_assimilis,ala_5fb800e1-9308-453a-9d9b-89def3a65379.jpg,1,ok:bbox_area=0.39
circus_assimilis,ala_62afaf5e-68c1-450b-a996-45860d8dfc66.jpg,1,ok:bbox_area=0.13
circus_assimilis,ala_66989d16-fca3-4d0a-bdba-b6ff0286157a.jpg,1,ok:bbox_area=0.12
circus_assimilis,ala_679c1375-45fe-4210-95a0-7b2119972482.jpg,1,ok:bbox_area=0.39
circus_assimilis,ala_6b359672-536a-43bb-902f-1900fdc79ae3.jpg,1,ok:bbox_area=0.19
circus_assimilis,ala_6eb13b9b-0dce-4ae8-8bdb-c16470a2a972.jpg,1,ok:bbox_area=0.47
circus_assimilis,ala_7603b163-0580-4c3f-be53-8dfe41e530a1.jpg,1,ok:bbox_area=0.16
circus_assimilis,ala_76f9f747-4767-4176-bba1-1d0e58dffb8a.jpg,1,ok:bbox_area=0.26
circus_assimilis,ala_7a39ffd5-40f1-4f34-a154-d8dc41525c50.jpg,1,ok:bbox_area=0.59
circus_assimilis,ala_7c325f74-355e-4215-82bd-cea66aa76fa3.jpg,1,ok:bbox_area=0.24
circus_assimilis,ala_7d4b2511-4f94-4eb7-87ed-48684b5496ea.jpg,1,ok:bbox_area=0.15
circus_assimilis,ala_7d6b39e0-9789-478d-b78e-dfd9187f012e.jpg,1,ok:bbox_area=0.11
circus_assimilis,ala_7fc5766b-08cd-406c-8a8a-b2b31535165e.jpg,1,ok:bbox_area=0.35
circus_assimilis,ala_81abac41-ea7e-492b-a135-e2bcba7a785c.jpg,1,ok:bbox_area=0.27
circus_assimilis,ala_84c2ee1a-9bbc-4e45-ade3-7a4e0b17cd62.jpg,1,ok:bbox_area=0.12
circus_assimilis,ala_859eb37b-7a06-4352-9dc4-a104aac7ba9c.jpg,1,ok:bbox_area=0.40
circus_assimilis,ala_860404ea-477a-42fc-a572-2bfd4d39fa0b.jpg,1,ok:bbox_area=0.26
circus_assimilis,ala_8638360c-0901-41c3-943a-f9766af985f6.jpg,1,ok:bbox_area=0.32
circus_assimilis,ala_8922dba4-3b6c-4acb-9e80-b03602ceafb0.jpg,1,ok:bbox_area=0.16
circus_assimilis,ala_945810dd-a8a0-4d3f-9cf3-58964ef9cd02.jpg,1,ok:bbox_area=0.13
circus_assimilis,ala_957da2a0-0ccb-4e4a-8faf-04ecac8e5832.jpg,1,ok:bbox_area=0.17
circus_assimilis,ala_96c2fcdb-2703-482b-8146-cab80609ec7f.jpg,1,ok:bbox_area=0.20
circus_assimilis,ala_9d1cc767-1900-42d5-aac3-49f13e2ae110.jpg,1,ok:bbox_area=0.53
circus_assimilis,ala_a27ca7d2-c748-48d9-a3e5-c0785116d55e.jpg,1,ok:bbox_area=0.70
circus_assimilis,ala_a3332280-f938-4026-b8c5-0a4212549d97.jpg,1,ok:bbox_area=0.26
circus_assimilis,ala_a5e1179b-0624-4be0-b904-7bb833c66352.jpg,1,ok:bbox_area=0.37
circus_assimilis,ala_b3f3b28e-cde1-4cd9-b915-790caebe52bd.jpg,1,ok:bbox_area=0.32
circus_assimilis,ala_b5301b35-647f-48ce-8673-84baa5f92a08.jpg,1,ok:bbox_area=0.39
circus_assimilis,ala_b878f38d-1b5f-4e9a-9db5-151098fea05f.jpg,1,ok:bbox_area=0.38
circus_assimilis,ala_ba8c3d83-02a6-4a28-9c59-0d79daae3897.jpg,1,ok:bbox_area=0.27
circus_assimilis,ala_bb5f2ca3-7f8a-4ac2-b116-d69dcad0307c.jpg,1,ok:bbox_area=0.17
circus_assimilis,ala_c0c8eea6-30b4-49c7-9753-9907b6ca393f.jpg,1,ok:bbox_area=0.24
circus_assimilis,ala_c3523d0f-5d96-458a-87ea-1423c22ac622.jpg,1,ok:bbox_area=0.29
circus_assimilis,ala_c488a4df-53e7-43d6-b373-023a5d90d379.jpg,1,ok:bbox_area=0.13
circus_assimilis,ala_cfa91864-5df1-44cc-9c53-679adb71e568.jpg,1,ok:bbox_area=0.17
circus_assimilis,ala_d0418d0d-4ae3-4871-b50e-3dc51e791a69.jpg,1,ok:bbox_area=0.36
circus_assimilis,ala_d1d61ed4-030e-4dec-b56d-a0870798043c.jpg,1,ok:bbox_area=0.10
circus_assimilis,ala_d21e17fa-31b1-4c19-84a8-ca16ef7ad896.jpg,1,ok:bbox_area=0.61
circus_assimilis,ala_d88dcefa-c59f-44ee-badf-07adaac469e2.jpg,1,ok:bbox_area=0.20
circus_assimilis,ala_e5275dfb-13ed-4863-a395-d3696365a9a5.jpg,1,ok:bbox_area=0.22
circus_assimilis,ala_e96eeff2-3bdb-43e2-989a-7d4635629c5f.jpg,1,ok:bbox_area=0.11
circus_assimilis,ala_ea338b58-a4a4-4f5d-b000-966c5d6c79b1.jpg,1,ok:bbox_area=0.38
circus_assimilis,ala_f013b7ed-0401-4bfe-a0d5-1cf95bcb5274.jpg,1,ok:bbox_area=0.24
circus_assimilis,ala_f5b0c3af-98d1-4554-ac86-b9c2e5555f56.jpg,1,ok:bbox_area=0.30
circus_assimilis,ala_fd17596e-0ae0-4714-9acd-e2302f68fe79.jpg,1,ok:bbox_area=0.27
circus_assimilis,ala_fdd32f34-66fa-4fde-9236-c9cb8191390f.jpg,1,ok:bbox_area=0.44
circus_assimilis,circus_assimilis_264449370_474877135.jpg,1,ok:bbox_area=0.54
circus_assimilis,circus_assimilis_268516645_482672621.jpg,1,ok:bbox_area=0.12
circus_assimilis,circus_assimilis_269790058_485260122.jpg,1,ok:bbox_area=0.14
circus_assimilis,circus_assimilis_277962121_499104215.jpg,1,ok:bbox_area=0.19
circus_assimilis,circus_assimilis_283591674_509585725.jpg,1,ok:bbox_area=0.28
circus_assimilis,circus_assimilis_316678978_572180644.jpg,1,ok:bbox_area=0.11
circus_assimilis,circus_assimilis_317709838_574127696.jpg,1,ok:bbox_area=0.11
circus_assimilis,circus_assimilis_323727243_585801686.jpg,1,ok:bbox_area=0.36
circus_assimilis,circus_assimilis_325845772_590039833.jpg,1,ok:bbox_area=0.35
circus_assimilis,circus_assimilis_332932075_604325990.jpg,1,ok:bbox_area=0.33
circus_assimilis,circus_assimilis_336904181_612327253.jpg,1,ok:bbox_area=0.42
circus_assimilis,circus_assimilis_338497828_615597687.jpg,1,ok:bbox_area=0.16
elanus_axillaris,ala_04af0ad4-84cf-43c9-b4a4-c803ff129608.jpg,1,ok:bbox_area=0.67
elanus_axillaris,ala_0c825ab8-452f-4676-abdb-815ec571a4a0.jpg,1,ok:bbox_area=0.28
elanus_axillaris,ala_0d48126e-162a-4f25-92f9-1ff39822b9a3.jpg,1,ok:bbox_area=0.27
elanus_axillaris,ala_1bcf59f7-2f1c-48e9-89e9-1cec6c8cf7be.jpg,1,ok:bbox_area=0.18
elanus_axillaris,ala_1faa0b58-e3e6-4df3-b6b9-a923c053c423.jpg,1,ok:bbox_area=0.36
elanus_axillaris,ala_1fbf79b1-ccbe-4f7d-8ede-f77254e3ce9b.jpg,1,ok:bbox_area=0.51
elanus_axillaris,ala_20720341-8184-4ada-b22b-f10196d28f69.jpg,1,ok:bbox_area=0.12
elanus_axillaris,ala_29678be5-c395-401a-adfa-4038865667a1.jpg,1,ok:bbox_area=0.17
elanus_axillaris,ala_29e4d07c-968d-45a8-bc4d-6cbbc5349944.jpg,1,ok:bbox_area=0.10
elanus_axillaris,ala_2aac2ad8-c58b-46dd-b115-a170f5fa4cef.jpg,1,ok:bbox_area=0.72
elanus_axillaris,ala_421402a2-6d63-4572-9fce-1fd9748a81e2.jpg,1,ok:bbox_area=0.29
elanus_axillaris,ala_42ff21cb-bfdd-403e-87ce-6097d277e076.jpg,1,ok:bbox_area=0.40
elanus_axillaris,ala_463a4e2b-c22a-4e78-81ea-406265ab27e5.jpg,1,ok:bbox_area=0.11
elanus_axillaris,ala_4a3636a9-f6d4-44dd-8adb-e9155e2767b1.jpg,1,ok:bbox_area=0.10
elanus_axillaris,ala_4fe2297c-f902-49d8-b147-ea93c46ca648.jpg,1,ok:bbox_area=0.24
elanus_axillaris,ala_51d5dacc-ea53-497e-b8cc-d9b610e6c435.jpg,1,ok:bbox_area=0.16
elanus_axillaris,ala_55cc195c-86bc-484f-abbb-71d6c8447e7a.jpg,1,ok:bbox_area=0.37
elanus_axillaris,ala_62b84168-2885-4658-8ac1-44e654a6b40e.jpg,1,ok:bbox_area=0.12
elanus_axillaris,ala_65a6dab3-b109-46f4-8ad9-78244c30e9b2.jpg,1,ok:bbox_area=0.22
elanus_axillaris,ala_6bf6b9e4-3886-4a9a-86be-af0f1f4ddb85.jpg,1,ok:bbox_area=0.13
elanus_axillaris,ala_6d25a236-b4d1-477f-8f16-39634ce04664.jpg,1,ok:bbox_area=0.15
elanus_axillaris,ala_6ea2ba3b-4286-4abe-888a-2b1aa8efe4d6.jpg,1,ok:bbox_area=0.17
elanus_axillaris,ala_6fae3b5d-5639-4f74-898b-98ee47f3e6ce.jpg,1,ok:bbox_area=0.14
elanus_axillaris,ala_724a85ca-9204-4b2f-9cee-ae398cfd422e.jpg,1,ok:bbox_area=0.37
elanus_axillaris,ala_729fb499-c08b-42b1-9159-0cabd325946b.jpg,1,ok:bbox_area=0.16
elanus_axillaris,ala_7316b5fb-7c81-4329-8704-133fca5809d7.jpg,1,ok:bbox_area=0.18
elanus_axillaris,ala_790dcc9b-e8c2-4adc-8021-f386c16dbf8a.jpg,1,ok:bbox_area=0.20
elanus_axillaris,ala_7caaf604-3dec-47e5-a347-9ae3c06e3841.jpg,1,ok:bbox_area=0.16
elanus_axillaris,ala_7d22ff83-c911-4ca3-9f1a-e375909d50fd.jpg,1,ok:bbox_area=0.15
elanus_axillaris,ala_7fcf52dc-d53d-40df-adb9-e50e0cfc5800.jpg,1,ok:bbox_area=0.49
elanus_axillaris,ala_8073194f-c006-467f-bd62-fba2c28faf56.jpg,1,ok:bbox_area=0.13
elanus_axillaris,ala_819b7220-7f25-4e3b-a477-8f48061f966e.jpg,1,ok:bbox_area=0.17
elanus_axillaris,ala_81d4f024-7e52-4a5f-bd0b-813c6f23d8cd.jpg,1,ok:bbox_area=0.47
elanus_axillaris,ala_85f06f74-a3b5-499c-a12d-de164482695e.jpg,1,ok:bbox_area=0.19
elanus_axillaris,ala_8793b730-7e5e-45b4-a777-09276a69e72b.jpg,1,ok:bbox_area=0.13
elanus_axillaris,ala_8f2cf7b1-7da8-478b-bc58-9783c2004261.jpg,1,ok:bbox_area=0.25
elanus_axillaris,ala_92364c65-9608-4447-bae4-4da542730ce8.jpg,1,ok:bbox_area=0.16
elanus_axillaris,ala_989b1674-d8cd-4907-a0d5-49eb013417b8.jpg,1,ok:bbox_area=0.17
elanus_axillaris,ala_9968370b-ece6-41a1-a1c5-81563db93682.jpg,1,ok:bbox_area=0.19
elanus_axillaris,ala_99e427e4-ab12-4d37-9929-2c645ff3a77b.jpg,1,ok:bbox_area=0.11
elanus_axillaris,ala_9ff8ee75-8ad8-4cef-8a74-3111ca431f18.jpg,1,ok:bbox_area=0.13
elanus_axillaris,ala_a2bd1332-8e75-4664-808a-db7a6124d8c9.jpg,1,ok:bbox_area=0.46
elanus_axillaris,ala_a376ca54-ed73-4ab6-b852-012e58f02508.jpg,1,ok:bbox_area=0.21
elanus_axillaris,ala_a478360a-4e63-453e-bfc5-b4f267b44bef.jpg,1,ok:bbox_area=0.19
elanus_axillaris,ala_a5ecc5e3-d512-49a8-ba44-c4d655efac7f.jpg,1,ok:bbox_area=0.14
elanus_axillaris,ala_aba27e92-2475-412d-9637-31d86dd94f8a.jpg,1,ok:bbox_area=0.43
elanus_axillaris,ala_b106cb6b-1e10-4f89-92c6-e660c85f3fce.jpg,1,ok:bbox_area=0.27
elanus_axillaris,ala_b82ab05b-07c8-4746-98e9-2de24c30604d.jpg,1,ok:bbox_area=0.41
elanus_axillaris,ala_bbb685af-71c5-4a2f-ae55-89baf770a74f.jpg,1,ok:bbox_area=0.14
elanus_axillaris,ala_c0f4ffaf-3656-4edf-b910-9757b330a45f.jpg,1,ok:bbox_area=0.40
elanus_axillaris,ala_c1a4d08e-b643-421f-ac8c-0c97ea0bd133.jpg,1,ok:bbox_area=0.13
elanus_axillaris,ala_c3bf1a1e-516c-40ec-b6b6-e41c0479d991.jpg,1,ok:bbox_area=0.23
elanus_axillaris,ala_c435ce0d-3f66-411f-b84b-2e9ebb4eba0f.jpg,1,ok:bbox_area=0.27
elanus_axillaris,ala_c45ea6ab-7a41-4581-86ca-dbe8fed38972.jpg,1,ok:bbox_area=0.13
elanus_axillaris,ala_c54f2015-1be4-4cef-90c4-54f8b2835457.jpg,1,ok:bbox_area=0.46
elanus_axillaris,ala_c553ae6c-22e6-400c-87aa-7d589c5e7dae.jpg,1,ok:bbox_area=0.27
elanus_axillaris,ala_c58c1736-3b4e-417a-bce6-aa6322d188db.jpg,1,ok:bbox_area=0.16
elanus_axillaris,ala_c65580d7-dd52-4ed2-bdf6-a71548296216.jpg,1,ok:bbox_area=0.40
elanus_axillaris,ala_c7933a57-a4d6-4c17-869d-d6457603e4c3.jpg,1,ok:bbox_area=0.56
elanus_axillaris,ala_c85c2ee5-c30d-4f8f-ab3f-e24fe90810a9.jpg,1,ok:bbox_area=0.33
elanus_axillaris,ala_cda42520-36fe-4439-a1a1-5fa2dfee108f.jpg,1,ok:bbox_area=0.15
elanus_axillaris,ala_ce2f85fc-4dcd-466d-a8bf-9911374244df.jpg,1,ok:bbox_area=0.17
elanus_axillaris,ala_cfaa3e47-36fc-45d6-b944-fd50aec1f6ff.jpg,1,ok:bbox_area=0.31
elanus_axillaris,ala_d0387db2-628e-40fc-b6f9-c7239f7b78cc.jpg,1,ok:bbox_area=0.19
elanus_axillaris,ala_d41b117e-d5ad-4d09-810c-0d50b76a88ed.jpg,1,ok:bbox_area=0.16
elanus_axillaris,ala_d5236133-02da-4305-8971-427c11601c0b.jpg,1,ok:bbox_area=0.25
elanus_axillaris,ala_da8cb5ed-8b32-45c6-b3c0-38366d06dacd.jpg,1,ok:bbox_area=0.15
elanus_axillaris,ala_daa57f54-b136-4e0e-ae18-28809448175f.jpg,1,ok:bbox_area=0.34
elanus_axillaris,ala_dcc8a131-8751-4c9d-a9e6-77947d5eaefc.jpg,1,ok:bbox_area=0.36
elanus_axillaris,ala_dfef4d28-e2d4-449a-9293-e637b0878be8.jpg,1,ok:bbox_area=0.32
elanus_axillaris,ala_ef5d73a5-d382-4e1e-a2aa-be69b7443039.jpg,1,ok:bbox_area=0.18
elanus_axillaris,ala_f34ec9a2-9439-4b8c-a442-64c0796ce395.jpg,1,ok:bbox_area=0.19
elanus_axillaris,ala_fc2ceeae-89a3-4ba7-9430-ca6ea968ddbd.jpg,1,ok:bbox_area=0.13
elanus_axillaris,ala_fd01697b-b605-4516-a5e6-173984985a40.jpg,1,ok:bbox_area=0.15
elanus_axillaris,ala_fe5cb6e8-fc70-4497-aa94-3831f81e40c3.jpg,1,ok:bbox_area=0.27
elanus_axillaris,elanus_axillaris_337256966_613044458.jpg,1,ok:bbox_area=0.11
elanus_axillaris,elanus_axillaris_338292530_615171589.jpg,1,ok:bbox_area=0.15
elanus_axillaris,elanus_axillaris_341006423_620679182.jpg,1,ok:bbox_area=0.11
elanus_axillaris,elanus_axillaris_342885936_624485152.jpg,1,ok:bbox_area=0.33
elanus_axillaris,elanus_axillaris_342970999_624655161.jpg,1,ok:bbox_area=0.62
elanus_axillaris,elanus_axillaris_343920707_626575587.jpg,1,ok:bbox_area=0.12
elanus_axillaris,elanus_axillaris_344066743_626860443.jpg,1,ok:bbox_area=0.19
elanus_axillaris,elanus_axillaris_345628801_629915528.jpg,1,ok:bbox_area=0.28
elanus_axillaris,elanus_axillaris_346265406_631163290.jpg,1,ok:bbox_area=0.17
elanus_axillaris,elanus_axillaris_347008673_632635252.jpg,1,ok:bbox_area=0.14
elanus_axillaris,elanus_axillaris_349749435_638056261.jpg,1,ok:bbox_area=0.19
falco_cenchroides,ala_00d29c67-29cc-4c02-9468-48241ea5a061.jpg,1,ok:bbox_area=0.20
falco_cenchroides,ala_014a4dc3-acb5-4f39-987f-753147bd4ac0.jpg,1,ok:bbox_area=0.21
falco_cenchroides,ala_06560f0c-b9ff-4207-be8e-9fbef6111d36.jpg,1,ok:bbox_area=0.23
falco_cenchroides,ala_08c9a68c-0109-4ead-b2b7-91510c9a7f58.jpg,1,ok:bbox_area=0.33
falco_cenchroides,ala_10749e2b-9b5b-4865-aea0-d4928ee2777e.jpg,1,ok:bbox_area=0.13
falco_cenchroides,ala_1202e30f-e96d-4662-af0d-cdaf1cb5d158.jpg,1,ok:bbox_area=0.19
falco_cenchroides,ala_141bf7db-3688-4c3d-a6de-59e2d5d53198.jpg,1,ok:bbox_area=0.15
falco_cenchroides,ala_18d67462-4dad-4ab9-9cf2-14a033d5c67b.jpg,1,ok:bbox_area=0.29
falco_cenchroides,ala_1a7f52c0-c4f3-4f6e-985a-6b3849c6e836.jpg,1,ok:bbox_area=0.11
falco_cenchroides,ala_1b664682-7563-4d8e-9b4f-851d5fa71ae1.jpg,1,ok:bbox_area=0.28
falco_cenchroides,ala_1c6ab284-c000-4d1e-a955-74736667a283.jpg,1,ok:bbox_area=0.62
falco_cenchroides,ala_1f295723-33c1-4b5b-914a-be7cd60b1644.jpg,1,ok:bbox_area=0.13
falco_cenchroides,ala_282d174e-d4ff-4891-a2c7-b153a5556f61.jpg,1,ok:bbox_area=0.35
falco_cenchroides,ala_28a479e5-ca42-4ec7-bbda-d7ea4ac8869a.jpg,1,ok:bbox_area=0.17
falco_cenchroides,ala_2cb81f61-b6b1-4340-8888-6706ce483ecd.jpg,1,ok:bbox_area=0.64
falco_cenchroides,ala_3c4266e2-256a-47c1-a763-812e182625c2.jpg,1,ok:bbox_area=0.14
falco_cenchroides,ala_456007b8-a481-440d-8d7d-c043be109481.jpg,1,ok:bbox_area=0.28
falco_cenchroides,ala_5b18abc1-7c0e-4af4-bf70-6baa76295680.jpg,1,ok:bbox_area=0.20
falco_cenchroides,ala_5ced3518-2c10-453c-89f3-dccb5383a2d7.jpg,1,ok:bbox_area=0.16
falco_cenchroides,ala_5fc205e8-d42c-4040-8d9a-afd484ba2d19.jpg,1,ok:bbox_area=0.19
falco_cenchroides,ala_626f581a-8685-4e79-bac1-815a1403c8f0.jpg,1,ok:bbox_area=0.26
falco_cenchroides,ala_688e3329-e6cf-4926-9ae2-b9bb0c03d0dc.jpg,1,ok:bbox_area=0.50
falco_cenchroides,ala_6d7b1485-8347-4cce-8e61-387e8db7faa9.jpg,1,ok:bbox_area=0.40
falco_cenchroides,ala_6f30571d-395e-4b36-b5a1-0bf8bcd23727.jpg,1,ok:bbox_area=0.23
falco_cenchroides,ala_73c59fb5-5e16-44e2-924d-5a257fec8184.jpg,1,ok:bbox_area=0.60
falco_cenchroides,ala_73ceb7b6-7397-42ba-87ae-4f141dec5ca7.jpg,1,ok:bbox_area=0.29
falco_cenchroides,ala_75939d8f-515e-4516-aa7a-10b7c3d2b6b1.jpg,1,ok:bbox_area=0.15
falco_cenchroides,ala_84fa505c-94d3-476e-b98c-82867519f1e7.jpg,1,ok:bbox_area=0.34
falco_cenchroides,ala_85bac252-2ff9-45e5-a451-abca5891c974.jpg,1,ok:bbox_area=0.16
falco_cenchroides,ala_9561100f-ddd3-4690-87dc-e8e701158740.jpg,1,ok:bbox_area=0.30
falco_cenchroides,ala_95d6e1ab-9252-4dec-bdb4-fed2a6e29a2f.jpg,1,ok:bbox_area=0.28
falco_cenchroides,ala_9d01cb4d-15c8-4bed-906a-b0b4336edfa5.jpg,1,ok:bbox_area=0.24
falco_cenchroides,ala_9d324f16-0256-4fec-9405-c68297321e6b.jpg,1,ok:bbox_area=0.46
falco_cenchroides,ala_a0125c5a-ff47-4ba4-b68d-73fc2aca4a09.jpg,1,ok:bbox_area=0.20
falco_cenchroides,ala_a0565f7e-72ff-414d-a0c2-d047d817175a.jpg,1,ok:bbox_area=0.24
falco_cenchroides,ala_a2a5b5eb-257b-4bc0-802d-ffd7fca028ff.jpg,1,ok:bbox_area=0.47
falco_cenchroides,ala_a3b1643a-0133-41a6-af0f-f6739d5ca878.jpg,1,ok:bbox_area=0.13
falco_cenchroides,ala_a57f90c8-90db-4dc4-b8f3-58860e2e3600.jpg,1,ok:bbox_area=0.12
falco_cenchroides,ala_a721fb53-ffca-44da-8d99-a1c3eb48cf1a.jpg,1,ok:bbox_area=0.21
falco_cenchroides,ala_a7c09ae1-02af-41bf-a69c-a4c6bc6b14ce.jpg,1,ok:bbox_area=0.27
falco_cenchroides,ala_abc6a9b5-4621-45fb-bd2d-22d492648748.jpg,1,ok:bbox_area=0.14
falco_cenchroides,ala_b0a58c72-9db5-4c71-883f-fd10bda131a0.jpg,1,ok:bbox_area=0.16
falco_cenchroides,ala_b381c4d9-952d-487b-91e8-567944c61b15.jpg,1,ok:bbox_area=0.11
falco_cenchroides,ala_b53346a6-e87e-490f-896b-602ccaac6bed.jpg,1,ok:bbox_area=0.20
falco_cenchroides,ala_b6a92e90-4776-4b5d-96e1-58a4c257a41e.jpg,1,ok:bbox_area=0.37
falco_cenchroides,ala_bf2a4def-f132-47b4-8129-dc4a180783c9.jpg,1,ok:bbox_area=0.14
falco_cenchroides,ala_bfaa641c-d85b-4fa3-b11c-766f250486b3.jpg,1,ok:bbox_area=0.12
falco_cenchroides,ala_c16dced6-07db-4cb9-89d0-bcb4199c1aaa.jpg,1,ok:bbox_area=0.11
falco_cenchroides,ala_c82b4dda-959f-456c-b6cf-93cd2fbb5690.jpg,1,ok:bbox_area=0.10
falco_cenchroides,ala_c970030e-c5e7-41bb-a51c-d0c0d9d31a83.jpg,1,ok:bbox_area=0.11
falco_cenchroides,ala_cec4bf2e-01e9-4592-8aff-0e8472d1c07a.jpg,1,ok:bbox_area=0.14
falco_cenchroides,ala_d02f51e3-60c0-48ce-b3a4-f15370cc8663.jpg,1,ok:bbox_area=0.37
falco_cenchroides,ala_d286c7ba-2701-4b9c-b08b-bc43777013f3.jpg,1,ok:bbox_area=0.32
falco_cenchroides,ala_d319065f-5d42-4f28-a200-6b6482b6decb.jpg,1,ok:bbox_area=0.21
falco_cenchroides,ala_d38f14df-6f18-4b3d-a16e-61a29dcb3503.jpg,1,ok:bbox_area=0.25
falco_cenchroides,ala_d9f6e323-ff07-47b8-8f98-a1da5928cc83.jpg,1,ok:bbox_area=0.63
falco_cenchroides,ala_da16df69-fc1d-4811-a7b2-f6a36d911b45.jpg,1,ok:bbox_area=0.33
falco_cenchroides,ala_e2cca998-ec0e-49e8-98b8-a796ab8243fa.jpg,1,ok:bbox_area=0.69
falco_cenchroides,ala_e9af87d6-e9ff-47f4-bfeb-5e26bcec242d.jpg,1,ok:bbox_area=0.12
falco_cenchroides,ala_ebf7b229-bfdd-4c6e-be3b-ed9c7b6c69c1.jpg,1,ok:bbox_area=0.10
falco_cenchroides,ala_f113dc06-36bd-43ce-ba53-30cfdf0faa18.jpg,1,ok:bbox_area=0.10
falco_cenchroides,ala_f3d5b2a5-c7ce-4159-8672-8d382250ca8e.jpg,1,ok:bbox_area=0.16
falco_cenchroides,ala_f4d29cd4-e780-4b43-ad0f-499c36b131cc.jpg,1,ok:bbox_area=0.46
falco_cenchroides,ala_fcbc6bf0-32ee-486a-a7e1-b6aa46dfd75b.jpg,1,ok:bbox_area=0.17
falco_cenchroides,falco_cenchroides_341805445_622316465.jpg,1,ok:bbox_area=0.18
falco_cenchroides,falco_cenchroides_344314169_627340463.jpg,1,ok:bbox_area=0.66
falco_cenchroides,falco_cenchroides_348397369_635390284.jpg,1,ok:bbox_area=0.43
falco_cenchroides,falco_cenchroides_348960347_636508222.jpg,1,ok:bbox_area=0.27
falco_cenchroides,falco_cenchroides_349163963_636906366.jpg,1,ok:bbox_area=0.19
falco_cenchroides,falco_cenchroides_351388405_641234802.jpg,1,ok:bbox_area=0.24
falco_cenchroides,falco_cenchroides_351400068_641262815.jpg,1,ok:bbox_area=0.18
falco_peregrinus,ala_0aedaa6e-e3e0-4c20-aa81-2523d5a00389.jpg,1,ok:bbox_area=0.12
falco_peregrinus,ala_14ec0b88-642a-466b-8d77-0f77e56efce5.jpg,1,ok:bbox_area=0.15
falco_peregrinus,ala_15f13f2d-eb21-4cac-8722-579a0344cdab.jpg,1,ok:bbox_area=0.36
falco_peregrinus,ala_17439c1d-0114-4cdf-ab8f-d8248455f872.jpg,1,ok:bbox_area=0.17
falco_peregrinus,ala_19c4de98-6059-4773-bebf-fb057d89aa76.jpg,1,ok:bbox_area=0.54
falco_peregrinus,ala_2409fc37-9d27-4224-9c54-b40e5005ada9.jpg,1,ok:bbox_area=0.25
falco_peregrinus,ala_2dbbac38-d3a9-4f74-871f-702bb0e3add0.jpg,1,ok:bbox_area=0.23
falco_peregrinus,ala_318a7cb1-bc38-411b-8059-c09ab314516b.jpg,1,ok:bbox_area=0.22
falco_peregrinus,ala_318f9028-aaf8-40e8-94af-98206fe67c06.jpg,1,ok:bbox_area=0.33
falco_peregrinus,ala_3ac16a06-8cb3-48ff-9489-d75b04e5f2d3.jpg,1,ok:bbox_area=0.24
falco_peregrinus,ala_3ad28bfb-f543-4190-9991-e65d09868c1b.jpg,1,ok:bbox_area=0.23
falco_peregrinus,ala_430e26f5-3ebc-44c8-a089-9d33379f2e24.jpg,1,ok:bbox_area=0.34
falco_peregrinus,ala_4d513a67-b5eb-48e6-89fa-155c8c8677fc.jpg,1,ok:bbox_area=0.22
falco_peregrinus,ala_4dad2423-af39-409d-bf8c-4653873e7e7e.jpg,1,ok:bbox_area=0.21
falco_peregrinus,ala_5041f68b-9cd3-4534-9790-5156553ab271.jpg,1,ok:bbox_area=0.30
falco_peregrinus,ala_54a83dcf-4c09-4e81-9491-dc52ef260595.jpg,1,ok:bbox_area=0.16
falco_peregrinus,ala_576786bd-6117-4616-b9fb-5da73efcf400.jpg,1,ok:bbox_area=0.24
falco_peregrinus,ala_5c8154ea-21cd-410e-852c-6465d0d16025.jpg,1,ok:bbox_area=0.46
falco_peregrinus,ala_6fb1737a-3bf8-46d8-9bbe-05f78b768116.jpg,1,ok:bbox_area=0.16
falco_peregrinus,ala_79bb9580-e207-42fa-ac41-4407d6ff7b9e.jpg,1,ok:bbox_area=0.14
falco_peregrinus,ala_7a3c1fdc-d1c1-4052-9154-7e092e9b731f.jpg,1,ok:bbox_area=0.19
falco_peregrinus,ala_7fc0eb99-2e13-47bc-a3d0-dd7d5fdcb2c0.jpg,1,ok:bbox_area=0.16
falco_peregrinus,ala_817bff23-5c16-443e-a52c-6e472bbeb005.jpg,1,ok:bbox_area=0.32
falco_peregrinus,ala_834ff8db-5271-484d-b1b8-ae900cd1eced.jpg,1,ok:bbox_area=0.26
falco_peregrinus,ala_8ed4a857-8c20-4801-a6a7-7ca346d5952f.jpg,1,ok:bbox_area=0.26
falco_peregrinus,ala_90ba9ecc-f7c8-4a8a-ad4d-955162449d38.jpg,1,ok:bbox_area=0.11
falco_peregrinus,ala_91c28774-510d-43dd-91a5-3a1441a6c68d.jpg,1,ok:bbox_area=0.15
falco_peregrinus,ala_92a252e2-de47-4d0e-883f-eb26ca5020f9.jpg,1,ok:bbox_area=0.43
falco_peregrinus,ala_a3c94952-2681-422f-b23c-c7817f8174c5.jpg,1,ok:bbox_area=0.19
falco_peregrinus,ala_a5e70d16-771f-4ab7-9d2e-7f07fbaa19d0.jpg,1,ok:bbox_area=0.15
falco_peregrinus,ala_ab5d730e-f87b-44af-8272-6c5ed4298353.jpg,1,ok:bbox_area=0.20
falco_peregrinus,ala_ad071253-8e3e-4313-93f7-f6e32dc61b06.jpg,1,ok:bbox_area=0.15
falco_peregrinus,ala_ad984d3a-8bab-48c0-837e-623fe050247c.jpg,1,ok:bbox_area=0.76
falco_peregrinus,ala_ae85c63e-611e-4cb7-9b97-9d16658551a7.jpg,1,ok:bbox_area=0.48
falco_peregrinus,ala_b2c5af69-5cbf-498f-8444-91265c0e8017.jpg,1,ok:bbox_area=0.18
falco_peregrinus,ala_bc755d95-1e91-44f7-ba77-37f8268b521a.jpg,1,ok:bbox_area=0.34
falco_peregrinus,ala_be4978be-dec5-46e9-8f20-17c556d107fc.jpg,1,ok:bbox_area=0.22
falco_peregrinus,ala_c21a75b6-0ab2-47d6-bdc3-d59b3529ee23.jpg,1,ok:bbox_area=0.18
falco_peregrinus,ala_c52a674e-6f29-43ba-9ffd-30b593a8a623.jpg,1,ok:bbox_area=0.13
falco_peregrinus,ala_c5a7f066-5cd8-4073-9d53-de78c1236e07.jpg,1,ok:bbox_area=0.50
falco_peregrinus,ala_defd3ba8-7a72-4333-9618-93c8a2b4e91d.jpg,1,ok:bbox_area=0.22
falco_peregrinus,ala_df29fdf0-1002-446a-969c-39e4ad1cbf5e.jpg,1,ok:bbox_area=0.10
falco_peregrinus,ala_e0147d27-760b-4587-8962-5c34b30e457e.jpg,1,ok:bbox_area=0.17
falco_peregrinus,ala_e0db2f69-e02a-4615-a845-e85eb6aa64a3.jpg,1,ok:bbox_area=0.25
falco_peregrinus,ala_e1fa5ee6-2e49-446d-939c-8ae66d3a434d.jpg,1,ok:bbox_area=0.13
falco_peregrinus,ala_e28ba26a-cf49-4adb-9a71-3376839f443d.jpg,1,ok:bbox_area=0.29
falco_peregrinus,ala_e2f43992-2e20-4a15-a48f-4958f9fc6356.jpg,1,ok:bbox_area=0.55
falco_peregrinus,ala_ec1d8b51-f652-4157-8cfc-f5b0525b093e.jpg,1,ok:bbox_area=0.41
falco_peregrinus,ala_ee960a4d-9ea7-4146-8cc2-bde68083d20a.jpg,1,ok:bbox_area=0.10
falco_peregrinus,ala_f01c0362-e801-4639-a07d-deff511fc725.jpg,1,ok:bbox_area=0.26
falco_peregrinus,ala_f2ce7888-78fb-4a8d-bbf7-ff18a1d9e3a0.jpg,1,ok:bbox_area=0.30
falco_peregrinus,ala_f3d87dcf-eed5-4b15-ac7e-6bd43ac714cd.jpg,1,ok:bbox_area=0.17
falco_peregrinus,falco_peregrinus_323157715_584718055.jpg,1,ok:bbox_area=0.30
falco_peregrinus,falco_peregrinus_326405192_591150467.jpg,1,ok:bbox_area=0.19
falco_peregrinus,falco_peregrinus_331955691_602319217.jpg,1,ok:bbox_area=0.58
falco_peregrinus,falco_peregrinus_333441918_605362877.jpg,1,ok:bbox_area=0.10
falco_peregrinus,falco_peregrinus_338383625_615391116.jpg,1,ok:bbox_area=0.35
falco_peregrinus,falco_peregrinus_351277163_640999930.jpg,1,ok:bbox_area=0.20
hieraaetus_morphnoides,ala_00e6796f-eb8c-40ed-a938-47d722f52931.jpg,1,ok:bbox_area=0.23
hieraaetus_morphnoides,ala_02595f4c-d9e1-4f7e-8000-50407ca9fcdd.jpg,1,ok:bbox_area=0.21
hieraaetus_morphnoides,ala_055c9c3a-d35a-4cce-b35b-ffe07f7e1e6e.jpg,1,ok:bbox_area=0.22
hieraaetus_morphnoides,ala_0a5a85aa-4230-47bb-bacd-67d029225136.jpg,1,ok:bbox_area=0.19
hieraaetus_morphnoides,ala_0b2d9325-dc50-4fef-8878-77829ef73649.jpg,1,ok:bbox_area=0.30
hieraaetus_morphnoides,ala_113cf8ed-487f-4033-946e-5308109bff02.jpg,1,ok:bbox_area=0.13
hieraaetus_morphnoides,ala_1e7c6df9-0337-45f9-b308-6b35d0916575.jpg,1,ok:bbox_area=0.13
hieraaetus_morphnoides,ala_1e9b6f43-9f97-4d6d-8ec2-1286aeba1e37.jpg,1,ok:bbox_area=0.16
hieraaetus_morphnoides,ala_25e46ec6-7938-441a-9b66-61932867c833.jpg,1,ok:bbox_area=0.21
hieraaetus_morphnoides,ala_3a40fab3-73ee-45f8-b395-66a8e64610ae.jpg,1,ok:bbox_area=0.28
hieraaetus_morphnoides,ala_4db333ba-a9ac-4ff1-a891-f10d33d399f4.jpg,1,ok:bbox_area=0.19
hieraaetus_morphnoides,ala_4e0f4666-cf3a-4624-8b5c-5089f08f3116.jpg,1,ok:bbox_area=0.35
hieraaetus_morphnoides,ala_51f5607d-a761-4b4b-abeb-25e0d618f31e.jpg,1,ok:bbox_area=0.27
hieraaetus_morphnoides,ala_52201007-a612-4e8a-86f3-20ad35d69e28.jpg,1,ok:bbox_area=0.16
hieraaetus_morphnoides,ala_62ad2797-40ab-46c6-9b41-f0e5603d4cc6.jpg,1,ok:bbox_area=0.19
hieraaetus_morphnoides,ala_6ef471cd-3b8e-4956-8808-f6e0b1734997.jpg,1,ok:bbox_area=0.22
hieraaetus_morphnoides,ala_785c1ad2-eb1a-45b4-a72a-198ff73b1181.jpg,1,ok:bbox_area=0.18
hieraaetus_morphnoides,ala_7fdbb5b1-b606-43b6-8aa2-07ccbaa90746.jpg,1,ok:bbox_area=0.33
hieraaetus_morphnoides,ala_81e46d88-ce82-4277-8fc0-bb7a714d5932.jpg,1,ok:bbox_area=0.26
hieraaetus_morphnoides,ala_84351528-f2a1-4b40-91b4-8fb331b8a04d.jpg,1,ok:bbox_area=0.28
hieraaetus_morphnoides,ala_88129cf4-3688-42ec-abb1-aeb2fcbb07d8.jpg,1,ok:bbox_area=0.22
hieraaetus_morphnoides,ala_9a6a0218-18af-4d3b-a067-31dc2c94e37a.jpg,1,ok:bbox_area=0.14
hieraaetus_morphnoides,ala_a033fece-010f-4c76-944b-805fa3f70729.jpg,1,ok:bbox_area=0.15
hieraaetus_morphnoides,ala_a46b77b8-054a-4e83-8367-9067440e2fed.jpg,1,ok:bbox_area=0.15
hieraaetus_morphnoides,ala_a7e5e123-21be-4a5f-af6d-4b580d4957e7.jpg,1,ok:bbox_area=0.12
hieraaetus_morphnoides,ala_a9d5a10e-901c-4eb4-9b04-bea1da90410b.jpg,1,ok:bbox_area=0.14
hieraaetus_morphnoides,ala_ac051546-6c60-447b-84e1-c3a1ce330a76.jpg,1,ok:bbox_area=0.36
hieraaetus_morphnoides,ala_ac879c1c-a35e-4967-8b67-1e36511be403.jpg,1,ok:bbox_area=0.65
hieraaetus_morphnoides,ala_aeeb1e80-c864-4be3-bd45-277a769b0e59.jpg,1,ok:bbox_area=0.12
hieraaetus_morphnoides,ala_b63b8c6c-56a8-4c47-bb48-1d876238042b.jpg,1,ok:bbox_area=0.28
hieraaetus_morphnoides,ala_b79be1a7-1596-46b0-84e0-acec64f8e587.jpg,1,ok:bbox_area=0.12
hieraaetus_morphnoides,ala_c296cd8c-0729-4c22-9183-80b3ad1d01f7.jpg,1,ok:bbox_area=0.10
hieraaetus_morphnoides,ala_c6bebcb6-baf2-4ec2-bf69-c448171185b4.jpg,1,ok:bbox_area=0.15
hieraaetus_morphnoides,ala_c920bb50-bd21-4e80-8f4e-ed489c08b11e.jpg,1,ok:bbox_area=0.27
hieraaetus_morphnoides,ala_ce0bb6a5-124b-40e4-b84d-6f6a11754bcf.jpg,1,ok:bbox_area=0.35
hieraaetus_morphnoides,ala_d87a09ab-5d1a-4340-8bb9-e6aded5061ce.jpg,1,ok:bbox_area=0.31
hieraaetus_morphnoides,ala_e34a021f-ae3a-409f-82a3-5c1419db8d0d.jpg,1,ok:bbox_area=0.38
hieraaetus_morphnoides,ala_f2a6c2ab-ae4a-4e46-8d1a-9ea00512b186.jpg,1,ok:bbox_area=0.13
hieraaetus_morphnoides,ala_f70b9c59-bd7f-4bc8-a8c0-8379824629af.jpg,1,ok:bbox_area=0.17
hieraaetus_morphnoides,ala_fbde8bc8-07d3-4031-8ffe-6c352eefa1f5.jpg,1,ok:bbox_area=0.29
hieraaetus_morphnoides,ala_fdffca7a-bff4-4b35-937d-db3b0acb0799.jpg,1,ok:bbox_area=0.23
hieraaetus_morphnoides,hieraaetus_morphnoides_325662778_589674360.jpg,1,ok:bbox_area=0.25
hieraaetus_morphnoides,hieraaetus_morphnoides_331152195_600670793.jpg,1,ok:bbox_area=0.16
hieraaetus_morphnoides,hieraaetus_morphnoides_335195006_608883965.jpg,1,ok:bbox_area=0.39
hieraaetus_morphnoides,hieraaetus_morphnoides_339994832_618620006.jpg,1,ok:bbox_area=0.25
hieraaetus_morphnoides,hieraaetus_morphnoides_341056310_620783327.jpg,1,ok:bbox_area=0.19
hieraaetus_morphnoides,hieraaetus_morphnoides_342528673_623781483.jpg,1,ok:bbox_area=0.53
lophoictinia_isura,ala_05ceb4a8-048a-47ce-9a27-ed9990880bfb.jpg,1,ok:bbox_area=0.48
lophoictinia_isura,ala_0fbec459-0222-44d3-b315-5410d15c4b27.jpg,1,ok:bbox_area=0.16
lophoictinia_isura,ala_15ada017-7774-40dd-93bb-e072e1e9c9ff.jpg,1,ok:bbox_area=0.16
lophoictinia_isura,ala_1a41443f-7243-47e2-ae46-c18c9835412b.jpg,1,ok:bbox_area=0.61
lophoictinia_isura,ala_1c19e1fb-c707-4dcb-8d6c-58733d5ec1de.jpg,1,ok:bbox_area=0.45
lophoictinia_isura,ala_1c703b6d-01cd-4ab9-914e-2de92394584e.jpg,1,ok:bbox_area=0.28
lophoictinia_isura,ala_1d0002fe-06b8-472c-99dc-e70073684456.jpg,1,ok:bbox_area=0.12
lophoictinia_isura,ala_1f0a9cb9-5f0d-491f-81e3-4be3d49e6a73.jpg,1,ok:bbox_area=0.57
lophoictinia_isura,ala_2287874b-43b7-4f18-904f-5f89e200cb0c.jpg,1,ok:bbox_area=0.42
lophoictinia_isura,ala_2645bf3c-c08c-4184-ac2f-175e2ad5a244.jpg,1,ok:bbox_area=0.18
lophoictinia_isura,ala_29c67fa4-247b-443a-97dd-a113e067a8a1.jpg,1,ok:bbox_area=0.36
lophoictinia_isura,ala_39764d0d-d186-4194-903a-65743c77dd38.jpg,1,ok:bbox_area=0.13
lophoictinia_isura,ala_3b785321-5891-485a-9fe4-9215e5d0bd8c.jpg,1,ok:bbox_area=0.11
lophoictinia_isura,ala_3d2ae6a5-2651-4e31-a729-8d070bedecd3.jpg,1,ok:bbox_area=0.17
lophoictinia_isura,ala_421080f3-dc16-426f-b293-2dfe5930ce0e.jpg,1,ok:bbox_area=0.12
lophoictinia_isura,ala_4623b844-11ed-4541-9172-5de74df88d6e.jpg,1,ok:bbox_area=0.50
lophoictinia_isura,ala_469c37d2-24df-4e83-9fdd-0d0ba0ceafe4.jpg,1,ok:bbox_area=0.20
lophoictinia_isura,ala_49dc3270-c34a-42f3-a583-9b46ce1bff6d.jpg,1,ok:bbox_area=0.12
lophoictinia_isura,ala_4b20ee92-87a3-4578-8105-b91261a3127f.jpg,1,ok:bbox_area=0.45
lophoictinia_isura,ala_52c3c611-b213-414d-a833-95bc5d099c6b.jpg,1,ok:bbox_area=0.35
lophoictinia_isura,ala_591d8ccb-f5ce-440c-aa86-c9da42f5fed3.jpg,1,ok:bbox_area=0.37
lophoictinia_isura,ala_59de9e7e-e3ad-48fb-b099-bc78bc31fe73.jpg,1,ok:bbox_area=0.37
lophoictinia_isura,ala_6054637a-2daf-4316-95c3-2e895bf61749.jpg,1,ok:bbox_area=0.10
lophoictinia_isura,ala_67f10ef4-88af-465a-bb0d-c0f156e42436.jpg,1,ok:bbox_area=0.10
lophoictinia_isura,ala_6d74b66e-8aea-4070-9cf9-f71f45adabe5.jpg,1,ok:bbox_area=0.38
lophoictinia_isura,ala_74e7c3d4-c96a-4c77-ab4b-c68d4e9b7ef8.jpg,1,ok:bbox_area=0.22
lophoictinia_isura,ala_74f7978e-347c-483c-bc02-0b908060bbd5.jpg,1,ok:bbox_area=0.12
lophoictinia_isura,ala_7b34fcda-8233-4bd3-8f8d-9ed7de333013.jpg,1,ok:bbox_area=0.32
lophoictinia_isura,ala_830713d2-a73e-46e1-b50d-e04d07975c3f.jpg,1,ok:bbox_area=0.30
lophoictinia_isura,ala_86c822bf-25bd-4168-b81e-d043458aef0f.jpg,1,ok:bbox_area=0.39
lophoictinia_isura,ala_880692fd-e1af-4e83-a716-96c874c9fb39.jpg,1,ok:bbox_area=0.53
lophoictinia_isura,ala_8817e3bf-f9cf-4938-b4ff-1c0730307231.jpg,1,ok:bbox_area=0.62
lophoictinia_isura,ala_883c9fe4-f6bf-41fa-babe-f62bf981a781.jpg,1,ok:bbox_area=0.51
lophoictinia_isura,ala_88b85b4c-0eb1-407e-b8e2-53c3325cef51.jpg,1,ok:bbox_area=0.25
lophoictinia_isura,ala_8b52b304-756b-4ee4-8838-2340fd84608d.jpg,1,ok:bbox_area=0.26
lophoictinia_isura,ala_8f4120d6-ae73-4283-b710-7e6f0bc34a82.jpg,1,ok:bbox_area=0.29
lophoictinia_isura,ala_955eceba-ad39-4b08-b684-ae0061544458.jpg,1,ok:bbox_area=0.45
lophoictinia_isura,ala_9f56daff-cc0f-40e2-a682-6eb591228941.jpg,1,ok:bbox_area=0.17
lophoictinia_isura,ala_a0ec5510-172d-45ff-87ba-f86c485a97f7.jpg,1,ok:bbox_area=0.30
lophoictinia_isura,ala_a983a73b-edf3-448c-8afd-a47c15c9e34f.jpg,1,ok:bbox_area=0.23
lophoictinia_isura,ala_ab76cd04-5221-4260-aa87-adcdd155ec91.jpg,1,ok:bbox_area=0.22
lophoictinia_isura,ala_b1a2436d-8d41-4679-bc29-25e92540bbd0.jpg,1,ok:bbox_area=0.24
lophoictinia_isura,ala_b9d24f28-a9e7-4df2-8071-3521258cb05e.jpg,1,ok:bbox_area=0.16
lophoictinia_isura,ala_befcff26-9f4e-4c49-8d34-8e1e58689d8d.jpg,1,ok:bbox_area=0.42
lophoictinia_isura,ala_cdcfb247-6dc8-499c-bd93-312e6beaad91.jpg,1,ok:bbox_area=0.38
lophoictinia_isura,ala_cfb1a726-0a1b-4989-a7c1-72729e7f09d1.jpg,1,ok:bbox_area=0.22
lophoictinia_isura,ala_d7823375-1908-44f4-a76f-146969e20b90.jpg,1,ok:bbox_area=0.46
lophoictinia_isura,ala_df154bbc-0d06-49a5-b4a6-276292d93c41.jpg,1,ok:bbox_area=0.31
lophoictinia_isura,ala_e2332733-3ff3-43c2-9e26-9e2a739a3c69.jpg,1,ok:bbox_area=0.33
lophoictinia_isura,ala_e7b5244b-2fbb-4e28-bfa8-407ee5fad93e.jpg,1,ok:bbox_area=0.50
lophoictinia_isura,ala_e7f63ca3-1b87-41f3-b7f0-ff3c426bcc87.jpg,1,ok:bbox_area=0.28
lophoictinia_isura,ala_e80afc13-3e64-453e-b1ed-8634f71d4b2b.jpg,1,ok:bbox_area=0.11
lophoictinia_isura,ala_eb90e0db-6a9a-4bdf-95e5-46d79fe0a8fe.jpg,1,ok:bbox_area=0.27
lophoictinia_isura,ala_ec3f7c52-6b47-4f17-b919-f0e9b82c9187.jpg,1,ok:bbox_area=0.16
lophoictinia_isura,ala_eef7b4f2-4320-4df3-9359-e5fc927cd707.jpg,1,ok:bbox_area=0.30
lophoictinia_isura,ala_ef556c35-8600-48e8-a983-a190f5a974e0.jpg,1,ok:bbox_area=0.16
lophoictinia_isura,ala_f0cdae5f-790b-4512-9db7-a90f4f32bcd4.jpg,1,ok:bbox_area=0.57
lophoictinia_isura,ala_f3edf1e9-4f89-484e-96f5-a79ee3633e39.jpg,1,ok:bbox_area=0.36
lophoictinia_isura,ala_f6e7c467-7276-47fe-8372-1419379b4289.jpg,1,ok:bbox_area=0.10
lophoictinia_isura,ala_f7be033d-6810-4a53-9bea-02e505419409.jpg,1,ok:bbox_area=0.32
lophoictinia_isura,ala_fac640a1-9aea-4fac-8133-704dcd1f92aa.jpg,1,ok:bbox_area=0.19
lophoictinia_isura,ala_fc9d322a-15a9-4100-8280-76a4bea77566.jpg,1,ok:bbox_area=0.18
lophoictinia_isura,ala_fd2533ea-718d-43ee-9d52-48d3180b0a5f.jpg,1,ok:bbox_area=0.38
lophoictinia_isura,lophoictinia_isura_334470467_607406352.jpg,1,ok:bbox_area=0.12
lophoictinia_isura,lophoictinia_isura_334931678_608344317.jpg,1,ok:bbox_area=0.12
lophoictinia_isura,lophoictinia_isura_335408455_609309806.jpg,1,ok:bbox_area=0.21
lophoictinia_isura,lophoictinia_isura_335546809_609590447.jpg,1,ok:bbox_area=0.14
lophoictinia_isura,lophoictinia_isura_336066182_610632714.jpg,1,ok:bbox_area=0.31
lophoictinia_isura,lophoictinia_isura_336536413_611575902.jpg,1,ok:bbox_area=0.11
lophoictinia_isura,lophoictinia_isura_337061553_612649951.jpg,1,ok:bbox_area=0.29
lophoictinia_isura,lophoictinia_isura_340004425_618639240.jpg,1,ok:bbox_area=0.13
lophoictinia_isura,lophoictinia_isura_342876092_624467510.jpg,1,ok:bbox_area=0.27
tachyspiza_fasciata,ala_00b485f5-4abd-4484-9cf6-33630ac05a5f.jpg,1,ok:bbox_area=0.49
tachyspiza_fasciata,ala_016c807e-5f23-4e42-9c9e-7e87d0fdf721.jpg,1,ok:bbox_area=0.13
tachyspiza_fasciata,ala_04b2967f-dfe2-4743-905a-e041129ba562.jpg,1,ok:bbox_area=0.45
tachyspiza_fasciata,ala_04bed36e-234b-4173-8f89-c01eea0a6bd8.jpg,1,ok:bbox_area=0.16
tachyspiza_fasciata,ala_04c8084f-249b-4bd4-bb55-1f6de1b2e57d.jpg,1,ok:bbox_area=0.19
tachyspiza_fasciata,ala_05a429ac-7b02-4a74-b2b5-e1027ff8d4a0.jpg,1,ok:bbox_area=0.25
tachyspiza_fasciata,ala_0de61538-9a72-4dff-ae4f-49f2c6a0e540.jpg,1,ok:bbox_area=0.24
tachyspiza_fasciata,ala_1300191b-16b5-4fed-bc7d-5c4315e02bf5.jpg,1,ok:bbox_area=0.12
tachyspiza_fasciata,ala_130b7a1c-cc90-4626-89b3-80276109a895.jpg,1,ok:bbox_area=0.15
tachyspiza_fasciata,ala_13dacdb8-26ea-4d92-b220-2bd3af2d1d2d.jpg,1,ok:bbox_area=0.11
tachyspiza_fasciata,ala_14473b2b-6a24-4632-aa00-fc085e935fdd.jpg,1,ok:bbox_area=0.36
tachyspiza_fasciata,ala_149cbf69-57f5-4561-abfe-972e44d649c7.jpg,1,ok:bbox_area=0.35
tachyspiza_fasciata,ala_181560c3-3df3-46ed-93b4-44ba6d909a70.jpg,1,ok:bbox_area=0.12
tachyspiza_fasciata,ala_1f235a25-cfd4-42ad-950c-a967c572de2e.jpg,1,ok:bbox_area=0.31
tachyspiza_fasciata,ala_22661f50-be74-48b6-a4f0-59704182a3b7.jpg,1,ok:bbox_area=0.11
tachyspiza_fasciata,ala_2541aeef-4072-47ca-80d0-e897342d59b0.jpg,1,ok:bbox_area=0.32
tachyspiza_fasciata,ala_2ad6b68a-a57a-4f0f-86cb-3b4ac9ed3795.jpg,1,ok:bbox_area=0.33
tachyspiza_fasciata,ala_2d1b7f40-15d4-4ccf-8492-51f7f619965f.jpg,1,ok:bbox_area=0.26
tachyspiza_fasciata,ala_2f2f100d-de8c-4c84-aa27-3386c4e3504a.jpg,1,ok:bbox_area=0.34
tachyspiza_fasciata,ala_32d7d5ce-d1d8-406e-b581-2f2a7e9bfccf.jpg,1,ok:bbox_area=0.47
tachyspiza_fasciata,ala_35731e3c-5ad4-4079-a4b1-24e850c88f80.jpg,1,ok:bbox_area=0.23
tachyspiza_fasciata,ala_377777cc-abb7-4734-996e-204dbaa203d3.jpg,1,ok:bbox_area=0.14
tachyspiza_fasciata,ala_37cb93a4-8e86-48e4-b736-f89e4a1d5815.jpg,1,ok:bbox_area=0.30
tachyspiza_fasciata,ala_3a570a96-c7e4-4f5f-9fe8-7a88bf0f6323.jpg,1,ok:bbox_area=0.12
tachyspiza_fasciata,ala_3afae102-59b5-4756-a926-9c9b73c9e092.jpg,1,ok:bbox_area=0.15
tachyspiza_fasciata,ala_3e090d69-9a75-4331-b7c6-8ddb810ab037.jpg,1,ok:bbox_area=0.14
tachyspiza_fasciata,ala_40959ffa-0107-4e7c-8536-b0fd42b7a398.jpg,1,ok:bbox_area=0.16
tachyspiza_fasciata,ala_43858cb1-2755-4950-a83f-1cbeb0150e49.jpg,1,ok:bbox_area=0.23
tachyspiza_fasciata,ala_45083358-05df-4732-95c6-aca19a3bb32c.jpg,1,ok:bbox_area=0.43
tachyspiza_fasciata,ala_45853ddc-58b7-4b31-a625-148c4e7274d9.jpg,1,ok:bbox_area=0.14
tachyspiza_fasciata,ala_4849567d-35b1-48d2-8e25-b3483dea29af.jpg,1,ok:bbox_area=0.21
tachyspiza_fasciata,ala_4d335b06-59d7-458a-ade4-8be3b2ea0136.jpg,1,ok:bbox_area=0.10
tachyspiza_fasciata,ala_53b49c8c-9aef-4455-9916-f68d1de6a743.jpg,1,ok:bbox_area=0.30
tachyspiza_fasciata,ala_592a1975-7630-47fa-ad49-0a18e657dbfe.jpg,1,ok:bbox_area=0.17
tachyspiza_fasciata,ala_59632e21-3834-44fd-a3d5-286e6712eb3f.jpg,1,ok:bbox_area=0.14
tachyspiza_fasciata,ala_59973dcc-ab35-4e8a-b64d-62acfb2c8a2c.jpg,1,ok:bbox_area=0.41
tachyspiza_fasciata,ala_5d9f5ace-55e3-4b35-b350-b32b3212669f.jpg,1,ok:bbox_area=0.25
tachyspiza_fasciata,ala_5e9fe901-fd16-42f5-8713-af8381e900f0.jpg,1,ok:bbox_area=0.15
tachyspiza_fasciata,ala_65d46164-4f7b-4f93-90d9-d07b3493f196.jpg,1,ok:bbox_area=0.30
tachyspiza_fasciata,ala_6608a887-d16c-426b-ac17-eed5c03ac711.jpg,1,ok:bbox_area=0.55
tachyspiza_fasciata,ala_68b7b351-e039-4865-9412-513488d53a14.jpg,1,ok:bbox_area=0.24
tachyspiza_fasciata,ala_6ce83aaf-a693-4fe3-ba69-15c89c0e0952.jpg,1,ok:bbox_area=0.17
tachyspiza_fasciata,ala_6cf8c849-f21b-4664-b8a1-7682459da353.jpg,1,ok:bbox_area=0.22
tachyspiza_fasciata,ala_6d24bb79-96ff-4631-a737-7126c6b0c596.jpg,1,ok:bbox_area=0.53
tachyspiza_fasciata,ala_737be751-f1d8-4f88-954b-6feea41450f2.jpg,1,ok:bbox_area=0.16
tachyspiza_fasciata,ala_75196144-bbc5-428d-bc35-54122b336c64.jpg,1,ok:bbox_area=0.23
tachyspiza_fasciata,ala_780c919f-60a7-491b-82b6-7649fdf33b15.jpg,1,ok:bbox_area=0.22
tachyspiza_fasciata,ala_7c75c50c-abb5-4512-b06e-b022da976963.jpg,1,ok:bbox_area=0.11
tachyspiza_fasciata,ala_80cf0866-3c5d-4b7a-b53f-bd3efefea146.jpg,1,ok:bbox_area=0.11
tachyspiza_fasciata,ala_82259b77-2a07-42cc-b909-a45f593bf8e5.jpg,1,ok:bbox_area=0.19
tachyspiza_fasciata,ala_84feee37-3f3a-454b-aab6-f35816a087d3.jpg,1,ok:bbox_area=0.36
tachyspiza_fasciata,ala_8cf60187-fe71-4ec9-b5ec-32f29011ba02.jpg,1,ok:bbox_area=0.38
tachyspiza_fasciata,ala_8fbd3ee0-3db5-4f43-baf0-a5b675824279.jpg,1,ok:bbox_area=0.12
tachyspiza_fasciata,ala_97d230ad-42b1-4e5e-aa2c-b0b8f9ca6869.jpg,1,ok:bbox_area=0.11
tachyspiza_fasciata,ala_98ce3063-de24-4928-b00a-48ca5aceb571.jpg,1,ok:bbox_area=0.30
tachyspiza_fasciata,ala_9a529a7e-caff-46e4-9423-e183aa7d45ee.jpg,1,ok:bbox_area=0.46
tachyspiza_fasciata,ala_9b70916b-d8bb-49da-8019-b317d4f9f749.jpg,1,ok:bbox_area=0.13
tachyspiza_fasciata,ala_a3572728-c8ff-4674-9225-6a39e97ffcdb.jpg,1,ok:bbox_area=0.25
tachyspiza_fasciata,ala_a753a1cf-475b-4ad1-928d-7694b1e5771a.jpg,1,ok:bbox_area=0.19
tachyspiza_fasciata,ala_a80c6533-79f4-4219-b36e-cd3519d691f5.jpg,1,ok:bbox_area=0.11
tachyspiza_fasciata,ala_abb738fe-5663-4527-b9fc-2b16b8ca4788.jpg,1,ok:bbox_area=0.45
tachyspiza_fasciata,ala_ac71e10f-6f50-4851-aa42-f9ec0435c419.jpg,1,ok:bbox_area=0.28
tachyspiza_fasciata,ala_b07b63d9-954f-458c-86a4-b05ae99f389c.jpg,1,ok:bbox_area=0.34
tachyspiza_fasciata,ala_b1447498-f5b1-4176-be6d-3f5e43307b52.jpg,1,ok:bbox_area=0.28
tachyspiza_fasciata,ala_b405c065-649a-4158-bb9d-5fea639ec278.jpg,1,ok:bbox_area=0.16
tachyspiza_fasciata,ala_b41245a7-0673-425d-afb2-a8916330cd97.jpg,1,ok:bbox_area=0.41
tachyspiza_fasciata,ala_b7b55a9e-832f-4242-a300-4a6db1a27220.jpg,1,ok:bbox_area=0.24
tachyspiza_fasciata,ala_bae16194-22f2-4ae0-9334-1751deea790e.jpg,1,ok:bbox_area=0.10
tachyspiza_fasciata,ala_bae62097-ea7e-4e44-bace-bc3068df058a.jpg,1,ok:bbox_area=0.11
tachyspiza_fasciata,ala_bdec3f98-0e3f-46a5-9faa-57024ae4e699.jpg,1,ok:bbox_area=0.15
tachyspiza_fasciata,ala_bf10ab3f-9ec3-4454-9896-500fa1362e0a.jpg,1,ok:bbox_area=0.43
tachyspiza_fasciata,ala_c20586d9-0610-4cdf-ba8b-9c158f2bf240.jpg,1,ok:bbox_area=0.38
tachyspiza_fasciata,ala_c310d91a-788c-46c4-a9e7-8d9bd3b1dc39.jpg,1,ok:bbox_area=0.28
tachyspiza_fasciata,ala_c6fb2708-a24e-4555-9659-da0334204d26.jpg,1,ok:bbox_area=0.35
tachyspiza_fasciata,ala_c8c374e7-b0c6-4ea6-9194-98cab974c1ca.jpg,1,ok:bbox_area=0.38
tachyspiza_fasciata,ala_c8e48dbd-dc46-4ea2-98e4-91bd2c723b7f.jpg,1,ok:bbox_area=0.14
tachyspiza_fasciata,ala_ca22027b-db5c-4f6b-a045-ab71ff93296e.jpg,1,ok:bbox_area=0.16
tachyspiza_fasciata,ala_ca5d31dd-322d-46da-81c9-fa6ca4c9b066.jpg,1,ok:bbox_area=0.31
tachyspiza_fasciata,ala_cbbeac2b-40aa-4d9e-9a72-08679999a8e8.jpg,1,ok:bbox_area=0.51
tachyspiza_fasciata,ala_ccf2871f-373a-4eea-bf3f-c61d8289c786.jpg,1,ok:bbox_area=0.20
tachyspiza_fasciata,ala_ce206bfd-9c37-4292-81d0-fa777064a6b1.jpg,1,ok:bbox_area=0.55
tachyspiza_fasciata,ala_cec1d4c3-29b8-4ab8-8846-fa02a92edda1.jpg,1,ok:bbox_area=0.29
tachyspiza_fasciata,ala_d0396201-85f8-40d2-82bd-d37767f171ad.jpg,1,ok:bbox_area=0.29
tachyspiza_fasciata,ala_d35e6791-23d9-47fe-86a6-e0f0b9ff0004.jpg,1,ok:bbox_area=0.33
tachyspiza_fasciata,ala_d73ebffc-cef9-4916-afe4-71802d81a11c.jpg,1,ok:bbox_area=0.23
tachyspiza_fasciata,ala_d8774dfe-a73a-4916-8f67-0fe10912f910.jpg,1,ok:bbox_area=0.24
tachyspiza_fasciata,ala_d9b2a6c4-86c0-4cb4-a4c8-dd785dd20876.jpg,1,ok:bbox_area=0.15
tachyspiza_fasciata,ala_dc389b92-381f-442d-b460-d4598c574608.jpg,1,ok:bbox_area=0.21
tachyspiza_fasciata,ala_e12a6369-bc80-4403-a34a-929b0f9e0df2.jpg,1,ok:bbox_area=0.19
tachyspiza_fasciata,ala_e334294a-8cbc-4182-a7b1-0a0ff460982b.jpg,1,ok:bbox_area=0.37
tachyspiza_fasciata,ala_e47db1a2-88f0-4e73-bb4e-3afb165741ed.jpg,1,ok:bbox_area=0.16
tachyspiza_fasciata,ala_f44bcbea-7e0a-41c8-b282-b75262c2ddc8.jpg,1,ok:bbox_area=0.15
tachyspiza_fasciata,ala_f7ed7e5b-9af2-46d7-9ea0-fab4ae96734d.jpg,1,ok:bbox_area=0.17
tachyspiza_fasciata,ala_fb7c23bd-cd7c-45e8-af0e-a39d701ab29a.jpg,1,ok:bbox_area=0.30
tachyspiza_fasciata,ala_fff9143b-d803-40f5-8d7b-ecd393fe95be.jpg,1,ok:bbox_area=0.15
tachyspiza_fasciata,tachyspiza_fasciata_336222934_610943423.jpg,1,ok:bbox_area=0.24
tachyspiza_fasciata,tachyspiza_fasciata_336664595_611842356.jpg,1,ok:bbox_area=0.20
tachyspiza_fasciata,tachyspiza_fasciata_338638609_615875285.jpg,1,ok:bbox_area=0.27
tachyspiza_fasciata,tachyspiza_fasciata_339108357_616810107.jpg,1,ok:bbox_area=0.30
tachyspiza_fasciata,tachyspiza_fasciata_341058512_620788475.jpg,1,ok:bbox_area=0.10
tachyspiza_fasciata,tachyspiza_fasciata_345657331_629969164.jpg,1,ok:bbox_area=0.27
tachyspiza_fasciata,tachyspiza_fasciata_346125939_630886905.jpg,1,ok:bbox_area=0.21
tachyspiza_fasciata,tachyspiza_fasciata_349188273_636943642.jpg,1,ok:bbox_area=0.27
